Country,Region,Sea-LevelRiseScenarios,ImpactedGDP,TotalGDP,PercentageofGDPimpacted,TotalRegionGDP,PercentageRegion,,,,
Argentina,Latin America / Caribbean,Onemeter,1362,439897,0.309617933,19743,0.540943976,,,,
Bahamas,Latin America / Caribbean,Onemeter,235,4962,4.735993551,19743,0.540943976,,,,
Belize,Latin America / Caribbean,Onemeter,27,1312,2.057926829,19743,0.540943976,,,,
Brazil,Latin America / Caribbean,Onemeter,7134,1233633,0.578291923,19743,0.540943976,,,,
Chile,Latin America / Caribbean,Onemeter,113,135982,0.083099234,19743,0.540943976,,,,
Colombia,Latin America / Caribbean,Onemeter,594,296427,0.200386604,19743,0.540943976,,,,
Costa Rica,Latin America / Caribbean,Onemeter,43,38381,0.1120346,19743,0.540943976,,,,
Cuba,Latin America / Caribbean,Onemeter,86,19200,0.447916667,19743,0.540943976,,,,
Dominican Republic,Latin America / Caribbean,Onemeter,88,57877,0.152046582,19743,0.540943976,,,,
Ecuador,Latin America / Caribbean,Onemeter,1065,40046,2.659441642,19743,0.540943976,,,,
El Salvador,Latin America / Caribbean,Onemeter,93,32878,0.282863921,19743,0.540943976,,,,
French Guiana,Latin America / Caribbean,Onemeter,59,1951,3.02409021,19743,0.540943976,,,,
Guatemala,Latin America / Caribbean,Onemeter,10,50422,0.019832613,19743,0.540943976,,,,
Guyana,Latin America / Caribbean,Onemeter,161,3469,4.641106947,19743,0.540943976,,,,
Haiti,Latin America / Caribbean,Onemeter,12,15299,0.078436499,19743,0.540943976,,,,
Honduras,Latin America / Caribbean,Onemeter,15,18159,0.082603668,19743,0.540943976,,,,
Jamaica,Latin America / Caribbean,Onemeter,62,9226,0.672013874,19743,0.540943976,,,,
Mexico,Latin America / Caribbean,Onemeter,4565,839150,0.54400286,19743,0.540943976,,,,
Suriname,Latin America / Caribbean,Onemeter,95,1480,6.418918919,19743,0.540943976,,,,
Nicaragua,Latin America / Caribbean,Onemeter,13,13100,0.099236641,19743,0.540943976,,,,
Peru,Latin America / Caribbean,Onemeter,774,120087,0.644532714,19743,0.540943976,,,,
Panama,Latin America / Caribbean,Onemeter,142,16653,0.852699213,19743,0.540943976,,,,
Puerto Rico,Latin America / Caribbean,Onemeter,1473,96388,1.528198531,19743,0.540943976,,,,
Uruguay,Latin America / Caribbean,Onemeter,428,28887,1.481635338,19743,0.540943976,,,,
Venezuela,Latin America / Caribbean,Onemeter,1094,134865,0.811181552,19743,0.540943976,,,,
Argentina,Latin America / Caribbean,Twometer,3266,439897,0.742446527,36626,1.003526013,,,,
Bahamas,Latin America / Caribbean,Twometer,397,4962,8.000806127,36626,1.003526013,,,,
Belize,Latin America / Caribbean,Twometer,46,1312,3.506097561,36626,1.003526013,,,,
Brazil,Latin America / Caribbean,Twometer,12432,1233633,1.007755143,36626,1.003526013,,,,
Chile,Latin America / Caribbean,Twometer,151,135982,0.111044109,36626,1.003526013,,,,
Colombia,Latin America / Caribbean,Twometer,1500,296427,0.506026779,36626,1.003526013,,,,
Costa Rica,Latin America / Caribbean,Twometer,67,38381,0.17456554,36626,1.003526013,,,,
Cuba,Latin America / Caribbean,Twometer,670,19200,3.489583333,36626,1.003526013,,,,
Dominican Republic,Latin America / Caribbean,Twometer,188,57877,0.324826788,36626,1.003526013,,,,
Ecuador,Latin America / Caribbean,Twometer,1356,40046,3.386105978,36626,1.003526013,,,,
El Salvador,Latin America / Caribbean,Twometer,100,32878,0.304154754,36626,1.003526013,,,,
French Guiana,Latin America / Caribbean,Twometer,60,1951,3.075345976,36626,1.003526013,,,,
Guatemala,Latin America / Caribbean,Twometer,16,50422,0.03173218,36626,1.003526013,,,,
Guyana,Latin America / Caribbean,Twometer,283,3469,8.157970597,36626,1.003526013,,,,
Haiti,Latin America / Caribbean,Twometer,27,15299,0.176482123,36626,1.003526013,,,,
Honduras,Latin America / Caribbean,Twometer,40,18159,0.220276447,36626,1.003526013,,,,
Jamaica,Latin America / Caribbean,Twometer,76,9226,0.823758942,36626,1.003526013,,,,
Mexico,Latin America / Caribbean,Twometer,6991,839150,0.833104928,36626,1.003526013,,,,
Suriname,Latin America / Caribbean,Twometer,178,1480,12.02702703,36626,1.003526013,,,,
Nicaragua,Latin America / Caribbean,Twometer,40,13100,0.305343511,36626,1.003526013,,,,
Peru,Latin America / Caribbean,Twometer,844,120087,0.702823786,36626,1.003526013,,,,
Panama,Latin America / Caribbean,Twometer,179,16653,1.074881403,36626,1.003526013,,,,
Puerto Rico,Latin America / Caribbean,Twometer,5522,96388,5.728928912,36626,1.003526013,,,,
Uruguay,Latin America / Caribbean,Twometer,802,28887,2.776335376,36626,1.003526013,,,,
Venezuela,Latin America / Caribbean,Twometer,1395,134865,1.034367701,36626,1.003526013,,,,
Argentina,Latin America / Caribbean,Threemeter,6058,439897,1.377140558,49569,1.358154889,,,,
Bahamas,Latin America / Caribbean,Threemeter,721,4962,14.53043128,49569,1.358154889,,,,
Belize,Latin America / Caribbean,Threemeter,73,1312,5.56402439,49569,1.358154889,,,,
Brazil,Latin America / Caribbean,Threemeter,15036,1233633,1.21883899,49569,1.358154889,,,,
Chile,Latin America / Caribbean,Threemeter,244,135982,0.179435514,49569,1.358154889,,,,
Colombia,Latin America / Caribbean,Threemeter,2254,296427,0.760389573,49569,1.358154889,,,,
Costa Rica,Latin America / Caribbean,Threemeter,113,38381,0.294416508,49569,1.358154889,,,,
Cuba,Latin America / Caribbean,Threemeter,809,19200,4.213541667,49569,1.358154889,,,,
Dominican Republic,Latin America / Caribbean,Threemeter,317,57877,0.547713254,49569,1.358154889,,,,
Ecuador,Latin America / Caribbean,Threemeter,1751,40046,4.372471658,49569,1.358154889,,,,
El Salvador,Latin America / Caribbean,Threemeter,198,32878,0.602226413,49569,1.358154889,,,,
French Guiana,Latin America / Caribbean,Threemeter,65,1951,3.331624808,49569,1.358154889,,,,
Guatemala,Latin America / Caribbean,Threemeter,34,50422,0.067430883,49569,1.358154889,,,,
Guyana,Latin America / Caribbean,Threemeter,502,3469,14.47102912,49569,1.358154889,,,,
Haiti,Latin America / Caribbean,Threemeter,46,15299,0.300673247,49569,1.358154889,,,,
Honduras,Latin America / Caribbean,Threemeter,73,18159,0.402004516,49569,1.358154889,,,,
Jamaica,Latin America / Caribbean,Threemeter,107,9226,1.159765879,49569,1.358154889,,,,
Mexico,Latin America / Caribbean,Threemeter,10813,839150,1.288565811,49569,1.358154889,,,,
Suriname,Latin America / Caribbean,Threemeter,294,1480,19.86486486,49569,1.358154889,,,,
Nicaragua,Latin America / Caribbean,Threemeter,63,13100,0.480916031,49569,1.358154889,,,,
Peru,Latin America / Caribbean,Threemeter,1240,120087,1.032584709,49569,1.358154889,,,,
Panama,Latin America / Caribbean,Threemeter,285,16653,1.711403351,49569,1.358154889,,,,
Puerto Rico,Latin America / Caribbean,Threemeter,5522,96388,5.728928912,49569,1.358154889,,,,
Uruguay,Latin America / Caribbean,Threemeter,924,28887,3.198670682,49569,1.358154889,,,,
Venezuela,Latin America / Caribbean,Threemeter,2027,134865,1.502984466,49569,1.358154889,,,,
Argentina,Latin America / Caribbean,Fourmeter,8090,439897,1.839066872,67575,1.851506316,,,,
Bahamas,Latin America / Caribbean,Fourmeter,927,4962,18.68198307,67575,1.851506316,,,,
Belize,Latin America / Caribbean,Fourmeter,104,1312,7.926829268,67575,1.851506316,,,,
Brazil,Latin America / Caribbean,Fourmeter,21623,1233633,1.752790336,67575,1.851506316,,,,
Chile,Latin America / Caribbean,Fourmeter,301,135982,0.221352826,67575,1.851506316,,,,
Colombia,Latin America / Caribbean,Fourmeter,3103,296427,1.04680073,67575,1.851506316,,,,
Costa Rica,Latin America / Caribbean,Fourmeter,149,38381,0.388212918,67575,1.851506316,,,,
Cuba,Latin America / Caribbean,Fourmeter,999,19200,5.203125,67575,1.851506316,,,,
Dominican Republic,Latin America / Caribbean,Fourmeter,728,57877,1.257839902,67575,1.851506316,,,,
Ecuador,Latin America / Caribbean,Fourmeter,2241,40046,5.596064526,67575,1.851506316,,,,
El Salvador,Latin America / Caribbean,Fourmeter,248,32878,0.75430379,67575,1.851506316,,,,
French Guiana,Latin America / Caribbean,Fourmeter,296,1951,15.17170682,67575,1.851506316,,,,
Guatemala,Latin America / Caribbean,Fourmeter,47,50422,0.09321328,67575,1.851506316,,,,
Guyana,Latin America / Caribbean,Fourmeter,702,3469,20.23637936,67575,1.851506316,,,,
Haiti,Latin America / Caribbean,Fourmeter,139,15299,0.908556115,67575,1.851506316,,,,
Honduras,Latin America / Caribbean,Fourmeter,143,18159,0.787488298,67575,1.851506316,,,,
Jamaica,Latin America / Caribbean,Fourmeter,152,9226,1.647517884,67575,1.851506316,,,,
Mexico,Latin America / Caribbean,Fourmeter,14222,839150,1.694810225,67575,1.851506316,,,,
Suriname,Latin America / Caribbean,Fourmeter,337,1480,22.77027027,67575,1.851506316,,,,
Nicaragua,Latin America / Caribbean,Fourmeter,93,13100,0.709923664,67575,1.851506316,,,,
Peru,Latin America / Caribbean,Fourmeter,1597,120087,1.329869178,67575,1.851506316,,,,
Panama,Latin America / Caribbean,Fourmeter,361,16653,2.167777578,67575,1.851506316,,,,
Puerto Rico,Latin America / Caribbean,Fourmeter,7492,96388,7.772751795,67575,1.851506316,,,,
Uruguay,Latin America / Caribbean,Fourmeter,957,28887,3.312908921,67575,1.851506316,,,,
Venezuela,Latin America / Caribbean,Fourmeter,2524,134865,1.871501131,67575,1.851506316,,,,
Argentina,Latin America / Caribbean,Fivemeter,10036,439897,2.281443156,87061,2.385408678,,,,
Bahamas,Latin America / Caribbean,Fivemeter,1406,4962,28.33534865,87061,2.385408678,,,,
Belize,Latin America / Caribbean,Fivemeter,131,1312,9.984756098,87061,2.385408678,,,,
Brazil,Latin America / Caribbean,Fivemeter,30176,1233633,2.446108364,87061,2.385408678,,,,
Chile,Latin America / Caribbean,Fivemeter,301,135982,0.221352826,87061,2.385408678,,,,
Colombia,Latin America / Caribbean,Fivemeter,3602,296427,1.215138972,87061,2.385408678,,,,
Costa Rica,Latin America / Caribbean,Fivemeter,217,38381,0.565383914,87061,2.385408678,,,,
Cuba,Latin America / Caribbean,Fivemeter,1236,19200,6.4375,87061,2.385408678,,,,
Dominican Republic,Latin America / Caribbean,Fivemeter,822,57877,1.420253296,87061,2.385408678,,,,
Ecuador,Latin America / Caribbean,Fivemeter,2798,40046,6.98696499,87061,2.385408678,,,,
El Salvador,Latin America / Caribbean,Fivemeter,323,32878,0.982419855,87061,2.385408678,,,,
French Guiana,Latin America / Caribbean,Fivemeter,298,1951,15.27421835,87061,2.385408678,,,,
Guatemala,Latin America / Caribbean,Fivemeter,94,50422,0.18642656,87061,2.385408678,,,,
Guyana,Latin America / Caribbean,Fivemeter,789,3469,22.74430672,87061,2.385408678,,,,
Haiti,Latin America / Caribbean,Fivemeter,178,15299,1.163474737,87061,2.385408678,,,,
Honduras,Latin America / Caribbean,Fivemeter,228,18159,1.255575748,87061,2.385408678,,,,
Jamaica,Latin America / Caribbean,Fivemeter,220,9226,2.384565359,87061,2.385408678,,,,
Mexico,Latin America / Caribbean,Fivemeter,18605,839150,2.217124471,87061,2.385408678,,,,
Suriname,Latin America / Caribbean,Fivemeter,509,1480,34.39189189,87061,2.385408678,,,,
Nicaragua,Latin America / Caribbean,Fivemeter,123,13100,0.938931298,87061,2.385408678,,,,
Peru,Latin America / Caribbean,Fivemeter,1631,120087,1.358181985,87061,2.385408678,,,,
Panama,Latin America / Caribbean,Fivemeter,436,16653,2.61814688,87061,2.385408678,,,,
Puerto Rico,Latin America / Caribbean,Fivemeter,8921,96388,9.25530149,87061,2.385408678,,,,
Uruguay,Latin America / Caribbean,Fivemeter,1017,28887,3.520614809,87061,2.385408678,,,,
Venezuela,Latin America / Caribbean,Fivemeter,2964,134865,2.197753309,87061,2.385408678,,,,
Algeria,Middle East / North Africa,Onemeter,976,186902,0.522198799,21211,1.510249418,,,,
Egypt,Middle East / North Africa,Onemeter,14301,222186,6.436499149,21211,1.510249418,,,,
Iran,Middle East / North Africa,Onemeter,859,364399,0.235730614,21211,1.510249418,,,,
Kuwait,Middle East / North Africa,Onemeter,428,37262,1.148623262,21211,1.510249418,,,,
Libya,Middle East / North Africa,Onemeter,696,45400,1.533039648,21211,1.510249418,,,,
Morocco,Middle East / North Africa,Onemeter,141,97991,0.143890765,21211,1.510249418,,,,
Oman,Middle East / North Africa,Onemeter,244,29018,0.840857399,21211,1.510249418,,,,
Qatar,Middle East / North Africa,Onemeter,274,15100,1.814569536,21211,1.510249418,,,,
Saudi Arabia,Middle East / North Africa,Onemeter,417,278922,0.149504162,21211,1.510249418,,,,
United Arab Emirates,Middle East / North Africa,Onemeter,1087,54000,2.012962963,21211,1.510249418,,,,
Tunisia,Middle East / North Africa,Onemeter,1718,58574,2.933041964,21211,1.510249418,,,,
Western Sahara,Middle East / North Africa,Onemeter,1,762,0.131233596,21211,1.510249418,,,,
Yemen,Middle East / North Africa,Onemeter,69,13954,0.494481869,21211,1.510249418,,,,
Algeria,Middle East / North Africa,Twometer,1140,186902,0.609945319,30645,2.181961879,,,,
Egypt,Middle East / North Africa,Twometer,21198,222186,9.540655127,30645,2.181961879,,,,
Iran,Middle East / North Africa,Twometer,1461,364399,0.400934141,30645,2.181961879,,,,
Kuwait,Middle East / North Africa,Twometer,632,37262,1.696097901,30645,2.181961879,,,,
Libya,Middle East / North Africa,Twometer,1016,45400,2.237885463,30645,2.181961879,,,,
Morocco,Middle East / North Africa,Twometer,259,97991,0.264309988,30645,2.181961879,,,,
Oman,Middle East / North Africa,Twometer,263,29018,0.906334,30645,2.181961879,,,,
Qatar,Middle East / North Africa,Twometer,441,15100,2.920529801,30645,2.181961879,,,,
Saudi Arabia,Middle East / North Africa,Twometer,614,278922,0.220133227,30645,2.181961879,,,,
United Arab Emirates,Middle East / North Africa,Twometer,1586,54000,2.937037037,30645,2.181961879,,,,
Tunisia,Middle East / North Africa,Twometer,1965,58574,3.354730768,30645,2.181961879,,,,
Western Sahara,Middle East / North Africa,Twometer,1,762,0.131233596,30645,2.181961879,,,,
Yemen,Middle East / North Africa,Twometer,69,13954,0.494481869,30645,2.181961879,,,,
Algeria,Middle East / North Africa,Threemeter,1210,186902,0.647398102,39112,2.784822745,,,,
Egypt,Middle East / North Africa,Threemeter,26952,222186,12.13037725,39112,2.784822745,,,,
Iran,Middle East / North Africa,Threemeter,2145,364399,0.588640474,39112,2.784822745,,,,
Kuwait,Middle East / North Africa,Threemeter,677,37262,1.816864366,39112,2.784822745,,,,
Libya,Middle East / North Africa,Threemeter,1094,45400,2.40969163,39112,2.784822745,,,,
Morocco,Middle East / North Africa,Threemeter,470,97991,0.479635885,39112,2.784822745,,,,
Oman,Middle East / North Africa,Threemeter,396,29018,1.364670205,39112,2.784822745,,,,
Qatar,Middle East / North Africa,Threemeter,651,15100,4.311258278,39112,2.784822745,,,,
Saudi Arabia,Middle East / North Africa,Threemeter,826,278922,0.29614014,39112,2.784822745,,,,
United Arab Emirates,Middle East / North Africa,Threemeter,1751,54000,3.242592593,39112,2.784822745,,,,
Tunisia,Middle East / North Africa,Threemeter,2855,58574,4.874176256,39112,2.784822745,,,,
Western Sahara,Middle East / North Africa,Threemeter,2,762,0.262467192,39112,2.784822745,,,,
Yemen,Middle East / North Africa,Threemeter,83,13954,0.594811524,39112,2.784822745,,,,
Algeria,Middle East / North Africa,Fourmeter,2059,186902,1.101646852,46947,3.342684429,,,,
Egypt,Middle East / North Africa,Fourmeter,31223,222186,14.05264058,46947,3.342684429,,,,
Iran,Middle East / North Africa,Fourmeter,2868,364399,0.787049361,46947,3.342684429,,,,
Kuwait,Middle East / North Africa,Fourmeter,1147,37262,3.078202995,46947,3.342684429,,,,
Libya,Middle East / North Africa,Fourmeter,1215,45400,2.676211454,46947,3.342684429,,,,
Morocco,Middle East / North Africa,Fourmeter,535,97991,0.545968507,46947,3.342684429,,,,
Oman,Middle East / North Africa,Fourmeter,492,29018,1.695499345,46947,3.342684429,,,,
Qatar,Middle East / North Africa,Fourmeter,999,15100,6.61589404,46947,3.342684429,,,,
Saudi Arabia,Middle East / North Africa,Fourmeter,1075,278922,0.385412409,46947,3.342684429,,,,
United Arab Emirates,Middle East / North Africa,Fourmeter,1932,54000,3.577777778,46947,3.342684429,,,,
Tunisia,Middle East / North Africa,Fourmeter,3301,58574,5.635606242,46947,3.342684429,,,,
Western Sahara,Middle East / North Africa,Fourmeter,2,762,0.262467192,46947,3.342684429,,,,
Yemen,Middle East / North Africa,Fourmeter,99,13954,0.709473986,46947,3.342684429,,,,
Algeria,Middle East / North Africa,Fivemeter,2196,186902,1.174947299,55561,3.956011876,,,,
Egypt,Middle East / North Africa,Fivemeter,36214,222186,16.29895673,55561,3.956011876,,,,
Iran,Middle East / North Africa,Fivemeter,3645,364399,1.000277169,55561,3.956011876,,,,
Kuwait,Middle East / North Africa,Fivemeter,1374,37262,3.687402716,55561,3.956011876,,,,
Libya,Middle East / North Africa,Fivemeter,1299,45400,2.86123348,55561,3.956011876,,,,
Morocco,Middle East / North Africa,Fivemeter,609,97991,0.621485647,55561,3.956011876,,,,
Oman,Middle East / North Africa,Fivemeter,605,29018,2.084912813,55561,3.956011876,,,,
Qatar,Middle East / North Africa,Fivemeter,1476,15100,9.774834437,55561,3.956011876,,,,
Saudi Arabia,Middle East / North Africa,Fivemeter,1402,278922,0.502649486,55561,3.956011876,,,,
United Arab Emirates,Middle East / North Africa,Fivemeter,2364,54000,4.377777778,55561,3.956011876,,,,
Tunisia,Middle East / North Africa,Fivemeter,4260,58574,7.272851436,55561,3.956011876,,,,
Western Sahara,Middle East / North Africa,Fivemeter,3,762,0.393700787,55561,3.956011876,,,,
Yemen,Middle East / North Africa,Fivemeter,114,13954,0.816970044,55561,3.956011876,,,,
Angola,Sub-Saharan Africa,Onemeter,48,27653,0.17357972,2401,0.237889295,,,,
Benin,Sub-Saharan Africa,Onemeter,336,5962,5.635692721,2401,0.237889295,,,,
"Congo, Rep.",Sub-Saharan Africa,Onemeter,0,2881,0,2401,0.237889295,,,,
"Congo, Dem. Rep.",Sub-Saharan Africa,Onemeter,9,37331,0.02410865,2401,0.237889295,,,,
Cameroon,Sub-Saharan Africa,Onemeter,19,24386,0.077913557,2401,0.237889295,,,,
Djibouti,Sub-Saharan Africa,Onemeter,5,1487,0.336247478,2401,0.237889295,,,,
Equatorial Guinea,Sub-Saharan Africa,Onemeter,0,960,0,2401,0.237889295,,,,
Ethiopia,Sub-Saharan Africa,Onemeter,173,49241,0.351333239,2401,0.237889295,,,,
Gambia,Sub-Saharan Africa,Onemeter,19,2567,0.740163615,2401,0.237889295,,,,
Gabon,Sub-Saharan Africa,Onemeter,9,7385,0.121868653,2401,0.237889295,,,,
Ghana,Sub-Saharan Africa,Onemeter,356,42213,0.843342098,2401,0.237889295,,,,
Guinea,Sub-Saharan Africa,Onemeter,46,14174,0.324537886,2401,0.237889295,,,,
Ivory Coast,Sub-Saharan Africa,Onemeter,267,24159,1.105178194,2401,0.237889295,,,,
Kenya,Sub-Saharan Africa,Onemeter,40,29623,0.135030213,2401,0.237889295,,,,
Liberia,Sub-Saharan Africa,Onemeter,36,3350,1.074626866,2401,0.237889295,,,,
Madagascar,Sub-Saharan Africa,Onemeter,29,12577,0.230579629,2401,0.237889295,,,,
Mauritania,Sub-Saharan Africa,Onemeter,465,4972,9.35237329,2401,0.237889295,,,,
Mozambique,Sub-Saharan Africa,Onemeter,47,17660,0.266138165,2401,0.237889295,,,,
Nigeria,Sub-Saharan Africa,Onemeter,250,109412,0.228494132,2401,0.237889295,,,,
Guinea-Bissau,Sub-Saharan Africa,Onemeter,5,1150,0.434782609,2401,0.237889295,,,,
South Africa,Sub-Saharan Africa,Onemeter,35,470466,0.007439432,2401,0.237889295,,,,
Senegal,Sub-Saharan Africa,Onemeter,158,13848,1.140958983,2401,0.237889295,,,,
Sierra Leone,Sub-Saharan Africa,Onemeter,4,2285,0.175054705,2401,0.237889295,,,,
Somalia,Sub-Saharan Africa,Onemeter,4,4300,0.093023256,2401,0.237889295,,,,
Sudan,Sub-Saharan Africa,Onemeter,15,62128,0.024143703,2401,0.237889295,,,,
Togo,Sub-Saharan Africa,Onemeter,11,7493,0.146803683,2401,0.237889295,,,,
Sao Tome and Principe,Sub-Saharan Africa,Onemeter,0,178,0,2401,0.237889295,,,,
Tanzania,Sub-Saharan Africa,Onemeter,11,17035,0.064572938,2401,0.237889295,,,,
Namibia,Sub-Saharan Africa,Onemeter,4,12417,0.0322139,2401,0.237889295,,,,
Angola,Sub-Saharan Africa,Twometer,115,27653,0.415868079,4549,0.450711538,,,,
Benin,Sub-Saharan Africa,Twometer,550,5962,9.225092251,4549,0.450711538,,,,
"Congo, Rep.",Sub-Saharan Africa,Twometer,3,2881,0.10413051,4549,0.450711538,,,,
"Congo, Dem. Rep.",Sub-Saharan Africa,Twometer,17,37331,0.04553856,4549,0.450711538,,,,
Cameroon,Sub-Saharan Africa,Twometer,19,24386,0.077913557,4549,0.450711538,,,,
Djibouti,Sub-Saharan Africa,Twometer,5,1487,0.336247478,4549,0.450711538,,,,
Equatorial Guinea,Sub-Saharan Africa,Twometer,1,960,0.104166667,4549,0.450711538,,,,
Ethiopia,Sub-Saharan Africa,Twometer,181,49241,0.367579862,4549,0.450711538,,,,
Gambia,Sub-Saharan Africa,Twometer,56,2567,2.181534866,4549,0.450711538,,,,
Gabon,Sub-Saharan Africa,Twometer,12,7385,0.162491537,4549,0.450711538,,,,
Ghana,Sub-Saharan Africa,Twometer,458,42213,1.084973823,4549,0.450711538,,,,
Guinea,Sub-Saharan Africa,Twometer,364,14174,2.568082404,4549,0.450711538,,,,
Ivory Coast,Sub-Saharan Africa,Twometer,280,24159,1.158988369,4549,0.450711538,,,,
Kenya,Sub-Saharan Africa,Twometer,44,29623,0.148533234,4549,0.450711538,,,,
Liberia,Sub-Saharan Africa,Twometer,36,3350,1.074626866,4549,0.450711538,,,,
Madagascar,Sub-Saharan Africa,Twometer,58,12577,0.461159259,4549,0.450711538,,,,
Mauritania,Sub-Saharan Africa,Twometer,718,4972,14.44086887,4549,0.450711538,,,,
Mozambique,Sub-Saharan Africa,Twometer,84,17660,0.475651189,4549,0.450711538,,,,
Nigeria,Sub-Saharan Africa,Twometer,510,109412,0.46612803,4549,0.450711538,,,,
Guinea-Bissau,Sub-Saharan Africa,Twometer,11,1150,0.956521739,4549,0.450711538,,,,
South Africa,Sub-Saharan Africa,Twometer,35,470466,0.007439432,4549,0.450711538,,,,
Senegal,Sub-Saharan Africa,Twometer,916,13848,6.614673599,4549,0.450711538,,,,
Sierra Leone,Sub-Saharan Africa,Twometer,11,2285,0.481400438,4549,0.450711538,,,,
Somalia,Sub-Saharan Africa,Twometer,7,4300,0.162790698,4549,0.450711538,,,,
Sudan,Sub-Saharan Africa,Twometer,20,62128,0.032191604,4549,0.450711538,,,,
Togo,Sub-Saharan Africa,Twometer,17,7493,0.22687842,4549,0.450711538,,,,
Sao Tome and Principe,Sub-Saharan Africa,Twometer,0,178,0,4549,0.450711538,,,,
Tanzania,Sub-Saharan Africa,Twometer,17,17035,0.099794541,4549,0.450711538,,,,
Namibia,Sub-Saharan Africa,Twometer,4,12417,0.0322139,4549,0.450711538,,,,
Angola,Sub-Saharan Africa,Threemeter,209,27653,0.755795031,7324,0.725656474,,,,
Benin,Sub-Saharan Africa,Threemeter,880,5962,14.7601476,7324,0.725656474,,,,
"Congo, Rep.",Sub-Saharan Africa,Threemeter,3,2881,0.10413051,7324,0.725656474,,,,
"Congo, Dem. Rep.",Sub-Saharan Africa,Threemeter,17,37331,0.04553856,7324,0.725656474,,,,
Cameroon,Sub-Saharan Africa,Threemeter,47,24386,0.192733536,7324,0.725656474,,,,
Djibouti,Sub-Saharan Africa,Threemeter,11,1487,0.739744452,7324,0.725656474,,,,
Equatorial Guinea,Sub-Saharan Africa,Threemeter,2,960,0.208333333,7324,0.725656474,,,,
Ethiopia,Sub-Saharan Africa,Threemeter,181,49241,0.367579862,7324,0.725656474,,,,
Gambia,Sub-Saharan Africa,Threemeter,195,2567,7.59641605,7324,0.725656474,,,,
Gabon,Sub-Saharan Africa,Threemeter,31,7385,0.419769804,7324,0.725656474,,,,
Ghana,Sub-Saharan Africa,Threemeter,577,42213,1.366877502,7324,0.725656474,,,,
Guinea,Sub-Saharan Africa,Threemeter,469,14174,3.308875406,7324,0.725656474,,,,
Ivory Coast,Sub-Saharan Africa,Threemeter,292,24159,1.208659299,7324,0.725656474,,,,
Kenya,Sub-Saharan Africa,Threemeter,89,29623,0.300442224,7324,0.725656474,,,,
Liberia,Sub-Saharan Africa,Threemeter,42,3350,1.253731343,7324,0.725656474,,,,
Madagascar,Sub-Saharan Africa,Threemeter,84,12577,0.667885823,7324,0.725656474,,,,
Mauritania,Sub-Saharan Africa,Threemeter,869,4972,17.47787611,7324,0.725656474,,,,
Mozambique,Sub-Saharan Africa,Threemeter,164,17660,0.928652322,7324,0.725656474,,,,
Nigeria,Sub-Saharan Africa,Threemeter,1734,109412,1.584835301,7324,0.725656474,,,,
Guinea-Bissau,Sub-Saharan Africa,Threemeter,21,1150,1.826086957,7324,0.725656474,,,,
South Africa,Sub-Saharan Africa,Threemeter,177,470466,0.037622272,7324,0.725656474,,,,
Senegal,Sub-Saharan Africa,Threemeter,1124,13848,8.116695552,7324,0.725656474,,,,
Sierra Leone,Sub-Saharan Africa,Threemeter,22,2285,0.962800875,7324,0.725656474,,,,
Somalia,Sub-Saharan Africa,Threemeter,8,4300,0.186046512,7324,0.725656474,,,,
Sudan,Sub-Saharan Africa,Threemeter,36,62128,0.057944888,7324,0.725656474,,,,
Togo,Sub-Saharan Africa,Threemeter,17,7493,0.22687842,7324,0.725656474,,,,
Sao Tome and Principe,Sub-Saharan Africa,Threemeter,0,178,0,7324,0.725656474,,,,
Tanzania,Sub-Saharan Africa,Threemeter,19,17035,0.111535075,7324,0.725656474,,,,
Namibia,Sub-Saharan Africa,Threemeter,4,12417,0.0322139,7324,0.725656474,,,,
Angola,Sub-Saharan Africa,Fourmeter,385,27653,1.392254005,11076,1.097401845,,,,
Benin,Sub-Saharan Africa,Fourmeter,931,5962,15.61556525,11076,1.097401845,,,,
"Congo, Rep.",Sub-Saharan Africa,Fourmeter,7,2881,0.242971191,11076,1.097401845,,,,
"Congo, Dem. Rep.",Sub-Saharan Africa,Fourmeter,17,37331,0.04553856,11076,1.097401845,,,,
Cameroon,Sub-Saharan Africa,Fourmeter,220,24386,0.902156975,11076,1.097401845,,,,
Djibouti,Sub-Saharan Africa,Fourmeter,19,1487,1.277740417,11076,1.097401845,,,,
Equatorial Guinea,Sub-Saharan Africa,Fourmeter,2,960,0.208333333,11076,1.097401845,,,,
Ethiopia,Sub-Saharan Africa,Fourmeter,181,49241,0.367579862,11076,1.097401845,,,,
Gambia,Sub-Saharan Africa,Fourmeter,375,2567,14.6084924,11076,1.097401845,,,,
Gabon,Sub-Saharan Africa,Fourmeter,55,7385,0.744752877,11076,1.097401845,,,,
Ghana,Sub-Saharan Africa,Fourmeter,644,42213,1.52559638,11076,1.097401845,,,,
Guinea,Sub-Saharan Africa,Fourmeter,642,14174,4.529420065,11076,1.097401845,,,,
Ivory Coast,Sub-Saharan Africa,Fourmeter,526,24159,2.177242436,11076,1.097401845,,,,
Kenya,Sub-Saharan Africa,Fourmeter,98,29623,0.330824022,11076,1.097401845,,,,
Liberia,Sub-Saharan Africa,Fourmeter,60,3350,1.791044776,11076,1.097401845,,,,
Madagascar,Sub-Saharan Africa,Fourmeter,114,12577,0.906416475,11076,1.097401845,,,,
Mauritania,Sub-Saharan Africa,Fourmeter,1081,4972,21.74175382,11076,1.097401845,,,,
Mozambique,Sub-Saharan Africa,Fourmeter,1127,17660,6.381653454,11076,1.097401845,,,,
Nigeria,Sub-Saharan Africa,Fourmeter,2083,109412,1.90381311,11076,1.097401845,,,,
Guinea-Bissau,Sub-Saharan Africa,Fourmeter,128,1150,11.13043478,11076,1.097401845,,,,
South Africa,Sub-Saharan Africa,Fourmeter,836,470466,0.177696157,11076,1.097401845,,,,
Senegal,Sub-Saharan Africa,Fourmeter,1348,13848,9.734257655,11076,1.097401845,,,,
Sierra Leone,Sub-Saharan Africa,Fourmeter,32,2285,1.400437637,11076,1.097401845,,,,
Somalia,Sub-Saharan Africa,Fourmeter,10,4300,0.23255814,11076,1.097401845,,,,
Sudan,Sub-Saharan Africa,Fourmeter,61,62128,0.098184394,11076,1.097401845,,,,
Togo,Sub-Saharan Africa,Fourmeter,45,7493,0.600560523,11076,1.097401845,,,,
Sao Tome and Principe,Sub-Saharan Africa,Fourmeter,0,178,0,11076,1.097401845,,,,
Tanzania,Sub-Saharan Africa,Fourmeter,45,17035,0.264162019,11076,1.097401845,,,,
Namibia,Sub-Saharan Africa,Fourmeter,4,12417,0.0322139,11076,1.097401845,,,,
Angola,Sub-Saharan Africa,Fivemeter,476,27653,1.721332224,13909,1.378093378,,,,
Benin,Sub-Saharan Africa,Fivemeter,976,5962,16.37034552,13909,1.378093378,,,,
"Congo, Rep.",Sub-Saharan Africa,Fivemeter,17,2881,0.590072891,13909,1.378093378,,,,
"Congo, Dem. Rep.",Sub-Saharan Africa,Fivemeter,17,37331,0.04553856,13909,1.378093378,,,,
Cameroon,Sub-Saharan Africa,Fivemeter,288,24386,1.181005495,13909,1.378093378,,,,
Djibouti,Sub-Saharan Africa,Fivemeter,19,1487,1.277740417,13909,1.378093378,,,,
Equatorial Guinea,Sub-Saharan Africa,Fivemeter,2,960,0.208333333,13909,1.378093378,,,,
Ethiopia,Sub-Saharan Africa,Fivemeter,189,49241,0.383826486,13909,1.378093378,,,,
Gambia,Sub-Saharan Africa,Fivemeter,448,2567,17.45227892,13909,1.378093378,,,,
Gabon,Sub-Saharan Africa,Fivemeter,81,7385,1.096817874,13909,1.378093378,,,,
Ghana,Sub-Saharan Africa,Fivemeter,950,42213,2.250491555,13909,1.378093378,,,,
Guinea,Sub-Saharan Africa,Fivemeter,911,14174,6.427261182,13909,1.378093378,,,,
Ivory Coast,Sub-Saharan Africa,Fivemeter,772,24159,3.195496502,13909,1.378093378,,,,
Kenya,Sub-Saharan Africa,Fivemeter,135,29623,0.455726969,13909,1.378093378,,,,
Liberia,Sub-Saharan Africa,Fivemeter,60,3350,1.791044776,13909,1.378093378,,,,
Madagascar,Sub-Saharan Africa,Fivemeter,162,12577,1.288065516,13909,1.378093378,,,,
Mauritania,Sub-Saharan Africa,Fivemeter,1297,4972,26.08608206,13909,1.378093378,,,,
Mozambique,Sub-Saharan Africa,Fivemeter,1257,17660,7.117780294,13909,1.378093378,,,,
Nigeria,Sub-Saharan Africa,Fivemeter,3027,109412,2.766606954,13909,1.378093378,,,,
Guinea-Bissau,Sub-Saharan Africa,Fivemeter,160,1150,13.91304348,13909,1.378093378,,,,
South Africa,Sub-Saharan Africa,Fivemeter,889,470466,0.188961583,13909,1.378093378,,,,
Senegal,Sub-Saharan Africa,Fivemeter,1503,13848,10.85355286,13909,1.378093378,,,,
Sierra Leone,Sub-Saharan Africa,Fivemeter,50,2285,2.188183807,13909,1.378093378,,,,
Somalia,Sub-Saharan Africa,Fivemeter,17,4300,0.395348837,13909,1.378093378,,,,
Sudan,Sub-Saharan Africa,Fivemeter,97,62128,0.156129281,13909,1.378093378,,,,
Togo,Sub-Saharan Africa,Fivemeter,51,7493,0.68063526,13909,1.378093378,,,,
Sao Tome and Principe,Sub-Saharan Africa,Fivemeter,0,178,0,13909,1.378093378,,,,
Tanzania,Sub-Saharan Africa,Fivemeter,51,17035,0.299383622,13909,1.378093378,,,,
Namibia,Sub-Saharan Africa,Fivemeter,7,12417,0.056374326,13909,1.378093378,,,,
Myanmar (Burma),East Asia,Onemeter,613,63700,0.962323391,158428,2.090849846,,Onemeter,158428,2.090849846
Brunei,East Asia,Onemeter,0,5900,0,158428,2.090849846,,Twometer,255550,3.372615183
Cambodia,East Asia,Onemeter,223,21106,1.056571591,158428,2.090849846,,Threemeter,394129,5.201508313
China,East Asia,Onemeter,113390,4724163,2.40021354,158428,2.090849846,,Fourmeter,592657,7.821576977
Indonesia,East Asia,Onemeter,11558,613299,1.884562016,158428,2.090849846,,Fivemeter,773176,10.20397228
North Korea,East Asia,Onemeter,22,22000,0.1,158428,2.090849846,,,,
South Korea,East Asia,Onemeter,1468,691772,0.212208647,158428,2.090849846,,,,
Malaysia,East Asia,Onemeter,1165,211738,0.550208276,158428,2.090849846,,,,
Papua New Guinea,East Asia,Onemeter,8,13927,0.057442378,158428,2.090849846,,,,
Philippines,East Asia,Onemeter,1805,290338,0.621689204,158428,2.090849846,,,,
Thailand,East Asia,Onemeter,5372,378476,1.419376658,158428,2.090849846,,,,
Taiwan China,East Asia,Onemeter,6999,386000,1.813212435,158428,2.090849846,,,,
Vietnam,East Asia,Onemeter,15805,154787,10.21080582,158428,2.090849846,,,,
Myanmar (Burma),East Asia,Twometer,1257,63700,1.973312402,255550,3.372615183,,,,
Brunei,East Asia,Twometer,0,5900,0,255550,3.372615183,,,,
Cambodia,East Asia,Twometer,552,21106,2.615370037,255550,3.372615183,,,,
China,East Asia,Twometer,177883,4724163,3.765386588,255550,3.372615183,,,,
Indonesia,East Asia,Twometer,18776,613299,3.061475724,255550,3.372615183,,,,
North Korea,East Asia,Twometer,37,22000,0.168181818,255550,3.372615183,,,,
South Korea,East Asia,Twometer,2846,691772,0.411407227,255550,3.372615183,,,,
Malaysia,East Asia,Twometer,2534,211738,1.196762036,255550,3.372615183,,,,
Papua New Guinea,East Asia,Twometer,12,13927,0.086163567,255550,3.372615183,,,,
Philippines,East Asia,Twometer,4104,290338,1.413524926,255550,3.372615183,,,,
Thailand,East Asia,Twometer,10411,378476,2.750768873,255550,3.372615183,,,,
Taiwan China,East Asia,Twometer,11616,386000,3.009326425,255550,3.372615183,,,,
Vietnam,East Asia,Twometer,25522,154787,16.48846479,255550,3.372615183,,,,
Myanmar (Burma),East Asia,Threemeter,2529,63700,3.970172684,394129,5.201508313,,,,
Brunei,East Asia,Threemeter,0,5900,0,394129,5.201508313,,,,
Cambodia,East Asia,Threemeter,1045,21106,4.951198711,394129,5.201508313,,,,
China,East Asia,Threemeter,263878,4724163,5.585709045,394129,5.201508313,,,,
Indonesia,East Asia,Threemeter,30278,613299,4.936906794,394129,5.201508313,,,,
North Korea,East Asia,Threemeter,92,22000,0.418181818,394129,5.201508313,,,,
South Korea,East Asia,Threemeter,4130,691772,0.597017514,394129,5.201508313,,,,
Malaysia,East Asia,Threemeter,3716,211738,1.754999103,394129,5.201508313,,,,
Papua New Guinea,East Asia,Threemeter,16,13927,0.114884756,394129,5.201508313,,,,
Philippines,East Asia,Threemeter,6165,290338,2.123387225,394129,5.201508313,,,,
Thailand,East Asia,Threemeter,28230,378476,7.458861328,394129,5.201508313,,,,
Taiwan China,East Asia,Threemeter,16631,386000,4.308549223,394129,5.201508313,,,,
Vietnam,East Asia,Threemeter,37419,154787,24.17451078,394129,5.201508313,,,,
Myanmar (Burma),East Asia,Fourmeter,4562,63700,7.161695447,592657,7.821576977,,,,
Brunei,East Asia,Fourmeter,6,5900,0.101694915,592657,7.821576977,,,,
Cambodia,East Asia,Fourmeter,1627,21106,7.708708424,592657,7.821576977,,,,
China,East Asia,Fourmeter,389835,4724163,8.251937962,592657,7.821576977,,,,
Indonesia,East Asia,Fourmeter,43271,613299,7.0554493,592657,7.821576977,,,,
North Korea,East Asia,Fourmeter,175,22000,0.795454545,592657,7.821576977,,,,
South Korea,East Asia,Fourmeter,6198,691772,0.895959941,592657,7.821576977,,,,
Malaysia,East Asia,Fourmeter,7356,211738,3.47410479,592657,7.821576977,,,,
Papua New Guinea,East Asia,Fourmeter,29,13927,0.208228621,592657,7.821576977,,,,
Philippines,East Asia,Fourmeter,9845,290338,3.390875462,592657,7.821576977,,,,
Thailand,East Asia,Fourmeter,61179,378476,16.16456526,592657,7.821576977,,,,
Taiwan China,East Asia,Fourmeter,21065,386000,5.457253886,592657,7.821576977,,,,
Vietnam,East Asia,Fourmeter,47509,154787,30.69314607,592657,7.821576977,,,,
Myanmar (Burma),East Asia,Fivemeter,7542,63700,11.83987441,773176,10.20397228,,,,
Brunei,East Asia,Fivemeter,179,5900,3.033898305,773176,10.20397228,,,,
Cambodia,East Asia,Fivemeter,2378,21106,11.26693831,773176,10.20397228,,,,
China,East Asia,Fivemeter,510437,4724163,10.80481347,773176,10.20397228,,,,
Indonesia,East Asia,Fivemeter,49768,613299,8.114802079,773176,10.20397228,,,,
North Korea,East Asia,Fivemeter,679,22000,3.086363636,773176,10.20397228,,,,
South Korea,East Asia,Fivemeter,8803,691772,1.272529099,773176,10.20397228,,,,
Malaysia,East Asia,Fivemeter,11958,211738,5.647545552,773176,10.20397228,,,,
Papua New Guinea,East Asia,Fivemeter,49,13927,0.351834566,773176,10.20397228,,,,
Philippines,East Asia,Fivemeter,12155,290338,4.186499873,773176,10.20397228,,,,
Thailand,East Asia,Fivemeter,85669,378476,22.63525296,773176,10.20397228,,,,
Taiwan China,East Asia,Fivemeter,27524,386000,7.130569948,773176,10.20397228,,,,
Vietnam,East Asia,Fivemeter,56035,154787,36.20136058,773176,10.20397228,,,,
Bangladesh,South Asia,Onemeter,1896,202087,0.938209781,18653,0.566002755,,Twometer,31761,0.963749182
Sri Lanka,South Asia,Onemeter,284,62726,0.45276281,18653,0.566002755,,Threemeter,53073,1.61043608
India,South Asia,Onemeter,16223,2772730,0.585091228,18653,0.566002755,,Fourmeter,74865,2.271687998
Pakistan,South Asia,Onemeter,250,258024,0.096890212,18653,0.566002755,,Fivemeter,98920,3.001607918
Bangladesh,South Asia,Twometer,3387,202087,1.676010827,31761,0.963749182,,,,
Sri Lanka,South Asia,Twometer,503,62726,0.801900328,31761,0.963749182,,,,
India,South Asia,Twometer,27414,2772730,0.988700667,31761,0.963749182,,,,
Pakistan,South Asia,Twometer,457,258024,0.177115307,31761,0.963749182,,,,
Bangladesh,South Asia,Threemeter,7768,202087,3.843889018,53073,1.61043608,,,,
Sri Lanka,South Asia,Threemeter,987,62726,1.573510187,53073,1.61043608,,,,
India,South Asia,Threemeter,43473,2772730,1.567877146,53073,1.61043608,,,,
Pakistan,South Asia,Threemeter,845,258024,0.327488916,53073,1.61043608,,,,
Bangladesh,South Asia,Fourmeter,14458,202087,7.154344416,74865,2.271687998,,,,
Sri Lanka,South Asia,Fourmeter,1728,62726,2.754838504,74865,2.271687998,,,,
India,South Asia,Fourmeter,57483,2772730,2.073155338,74865,2.271687998,,,,
Pakistan,South Asia,Fourmeter,1196,258024,0.463522773,74865,2.271687998,,,,
Bangladesh,South Asia,Fivemeter,22790,202087,11.27732115,98920,3.001607918,,,,
Sri Lanka,South Asia,Fivemeter,2343,62726,3.73529318,98920,3.001607918,,,,
India,South Asia,Fivemeter,72263,2772730,2.606203994,98920,3.001607918,,,,
Pakistan,South Asia,Fivemeter,1524,258024,0.590642731,98920,3.001607918,,,,
