Country,Region,Sea-LevelRiseScenarios,ImpactedGDP ,PercentageofGDPimpacted,Region2,Sea-Level Rise Scenarios2,PercentageofGDPimpacted2,ImpactedGDP2
Argentina,Latin America / Caribbean,Onemeter,1362,0.309617933,Latin America / Caribbean,Onemeter,0.540943976,19743
Bahamas,Latin America / Caribbean,Onemeter,235,4.735993551,Middle East / North Africa,Onemeter,1.510249418,21211
Belize,Latin America / Caribbean,Onemeter,27,2.057926829,Sub-Saharan Africa,Onemeter,0.237889295,2401
Brazil,Latin America / Caribbean,Onemeter,7134,0.578291923,East Asia,Onemeter,2.090849846,158428
Chile,Latin America / Caribbean,Onemeter,113,0.083099234,South Asia,Onemeter,0.566002755,18653
Colombia,Latin America / Caribbean,Onemeter,594,0.200386604,Latin America / Caribbean,Twometer,1.003526013,36626
Costa Rica,Latin America / Caribbean,Onemeter,43,0.1120346,Middle East / North Africa,Twometer,2.181961879,30645
Cuba,Latin America / Caribbean,Onemeter,86,0.447916667,Sub-Saharan Africa,Twometer,0.450711538,4549
Dominican Republic,Latin America / Caribbean,Onemeter,88,0.152046582,East Asia,Twometer,3.372615183,255550
Ecuador,Latin America / Caribbean,Onemeter,1065,2.659441642,South Asia,Twometer,0.963749182,31761
El Salvador,Latin America / Caribbean,Onemeter,93,0.282863921,Latin America / Caribbean,Threemeter,1.358154889,49569
French Guiana,Latin America / Caribbean,Onemeter,59,3.02409021,Middle East / North Africa,Threemeter,2.784822745,39112
Guatemala,Latin America / Caribbean,Onemeter,10,0.019832613,Sub-Saharan Africa,Threemeter,0.725656474,7324
Guyana,Latin America / Caribbean,Onemeter,161,4.641106947,East Asia,Threemeter,5.201508313,394129
Haiti,Latin America / Caribbean,Onemeter,12,0.078436499,South Asia,Threemeter,1.61043608,53073
Honduras,Latin America / Caribbean,Onemeter,15,0.082603668,Latin America / Caribbean,Fourmeter,1.851506316,67575
Jamaica,Latin America / Caribbean,Onemeter,62,0.672013874,Middle East / North Africa,Fourmeter,3.342684429,46947
Mexico,Latin America / Caribbean,Onemeter,4565,0.54400286,Sub-Saharan Africa,Fourmeter,1.097401845,11076
Suriname,Latin America / Caribbean,Onemeter,95,6.418918919,East Asia,Fourmeter,7.821576977,592657
Nicaragua,Latin America / Caribbean,Onemeter,13,0.099236641,South Asia,Fourmeter,2.271687998,74865
Peru,Latin America / Caribbean,Onemeter,774,0.644532714,Latin America / Caribbean,Fivemeter,2.385408678,87061
Panama,Latin America / Caribbean,Onemeter,142,0.852699213,Middle East / North Africa,Fivemeter,3.956011876,55561
Puerto Rico,Latin America / Caribbean,Onemeter,1473,1.528198531,Sub-Saharan Africa,Fivemeter,1.378093378,13909
Uruguay,Latin America / Caribbean,Onemeter,428,1.481635338,East Asia,Fivemeter,10.20397228,773176
Venezuela,Latin America / Caribbean,Onemeter,1094,0.811181552,South Asia,Fivemeter,3.001607918,98920
Argentina,Latin America / Caribbean,Twometer,3266,0.742446527,,,,
Bahamas,Latin America / Caribbean,Twometer,397,8.000806127,,,,
Belize,Latin America / Caribbean,Twometer,46,3.506097561,,,,
Brazil,Latin America / Caribbean,Twometer,12432,1.007755143,,,,
Chile,Latin America / Caribbean,Twometer,151,0.111044109,,,,
Colombia,Latin America / Caribbean,Twometer,1500,0.506026779,,,,
Costa Rica,Latin America / Caribbean,Twometer,67,0.17456554,,,,
Cuba,Latin America / Caribbean,Twometer,670,3.489583333,,,,
Dominican Republic,Latin America / Caribbean,Twometer,188,0.324826788,,,,
Ecuador,Latin America / Caribbean,Twometer,1356,3.386105978,,,,
El Salvador,Latin America / Caribbean,Twometer,100,0.304154754,,,,
French Guiana,Latin America / Caribbean,Twometer,60,3.075345976,,,,
Guatemala,Latin America / Caribbean,Twometer,16,0.03173218,,,,
Guyana,Latin America / Caribbean,Twometer,283,8.157970597,,,,
Haiti,Latin America / Caribbean,Twometer,27,0.176482123,,,,
Honduras,Latin America / Caribbean,Twometer,40,0.220276447,,,,
Jamaica,Latin America / Caribbean,Twometer,76,0.823758942,,,,
Mexico,Latin America / Caribbean,Twometer,6991,0.833104928,,,,
Suriname,Latin America / Caribbean,Twometer,178,12.02702703,,,,
Nicaragua,Latin America / Caribbean,Twometer,40,0.305343511,,,,
Peru,Latin America / Caribbean,Twometer,844,0.702823786,,,,
Panama,Latin America / Caribbean,Twometer,179,1.074881403,,,,
Puerto Rico,Latin America / Caribbean,Twometer,5522,5.728928912,,,,
Uruguay,Latin America / Caribbean,Twometer,802,2.776335376,,,,
Venezuela,Latin America / Caribbean,Twometer,1395,1.034367701,,,,
Argentina,Latin America / Caribbean,Threemeter,6058,1.377140558,,,,
Bahamas,Latin America / Caribbean,Threemeter,721,14.53043128,,,,
Belize,Latin America / Caribbean,Threemeter,73,5.56402439,,,,
Brazil,Latin America / Caribbean,Threemeter,15036,1.21883899,,,,
Chile,Latin America / Caribbean,Threemeter,244,0.179435514,,,,
Colombia,Latin America / Caribbean,Threemeter,2254,0.760389573,,,,
Costa Rica,Latin America / Caribbean,Threemeter,113,0.294416508,,,,
Cuba,Latin America / Caribbean,Threemeter,809,4.213541667,,,,
Dominican Republic,Latin America / Caribbean,Threemeter,317,0.547713254,,,,
Ecuador,Latin America / Caribbean,Threemeter,1751,4.372471658,,,,
El Salvador,Latin America / Caribbean,Threemeter,198,0.602226413,,,,
French Guiana,Latin America / Caribbean,Threemeter,65,3.331624808,,,,
Guatemala,Latin America / Caribbean,Threemeter,34,0.067430883,,,,
Guyana,Latin America / Caribbean,Threemeter,502,14.47102912,,,,
Haiti,Latin America / Caribbean,Threemeter,46,0.300673247,,,,
Honduras,Latin America / Caribbean,Threemeter,73,0.402004516,,,,
Jamaica,Latin America / Caribbean,Threemeter,107,1.159765879,,,,
Mexico,Latin America / Caribbean,Threemeter,10813,1.288565811,,,,
Suriname,Latin America / Caribbean,Threemeter,294,19.86486486,,,,
Nicaragua,Latin America / Caribbean,Threemeter,63,0.480916031,,,,
Peru,Latin America / Caribbean,Threemeter,1240,1.032584709,,,,
Panama,Latin America / Caribbean,Threemeter,285,1.711403351,,,,
Puerto Rico,Latin America / Caribbean,Threemeter,5522,5.728928912,,,,
Uruguay,Latin America / Caribbean,Threemeter,924,3.198670682,,,,
Venezuela,Latin America / Caribbean,Threemeter,2027,1.502984466,,,,
Argentina,Latin America / Caribbean,Fourmeter,8090,1.839066872,,,,
Bahamas,Latin America / Caribbean,Fourmeter,927,18.68198307,,,,
Belize,Latin America / Caribbean,Fourmeter,104,7.926829268,,,,
Brazil,Latin America / Caribbean,Fourmeter,21623,1.752790336,,,,
Chile,Latin America / Caribbean,Fourmeter,301,0.221352826,,,,
Colombia,Latin America / Caribbean,Fourmeter,3103,1.04680073,,,,
Costa Rica,Latin America / Caribbean,Fourmeter,149,0.388212918,,,,
Cuba,Latin America / Caribbean,Fourmeter,999,5.203125,,,,
Dominican Republic,Latin America / Caribbean,Fourmeter,728,1.257839902,,,,
Ecuador,Latin America / Caribbean,Fourmeter,2241,5.596064526,,,,
El Salvador,Latin America / Caribbean,Fourmeter,248,0.75430379,,,,
French Guiana,Latin America / Caribbean,Fourmeter,296,15.17170682,,,,
Guatemala,Latin America / Caribbean,Fourmeter,47,0.09321328,,,,
Guyana,Latin America / Caribbean,Fourmeter,702,20.23637936,,,,
Haiti,Latin America / Caribbean,Fourmeter,139,0.908556115,,,,
Honduras,Latin America / Caribbean,Fourmeter,143,0.787488298,,,,
Jamaica,Latin America / Caribbean,Fourmeter,152,1.647517884,,,,
Mexico,Latin America / Caribbean,Fourmeter,14222,1.694810225,,,,
Suriname,Latin America / Caribbean,Fourmeter,337,22.77027027,,,,
Nicaragua,Latin America / Caribbean,Fourmeter,93,0.709923664,,,,
Peru,Latin America / Caribbean,Fourmeter,1597,1.329869178,,,,
Panama,Latin America / Caribbean,Fourmeter,361,2.167777578,,,,
Puerto Rico,Latin America / Caribbean,Fourmeter,7492,7.772751795,,,,
Uruguay,Latin America / Caribbean,Fourmeter,957,3.312908921,,,,
Venezuela,Latin America / Caribbean,Fourmeter,2524,1.871501131,,,,
Argentina,Latin America / Caribbean,Fivemeter,10036,2.281443156,,,,
Bahamas,Latin America / Caribbean,Fivemeter,1406,28.33534865,,,,
Belize,Latin America / Caribbean,Fivemeter,131,9.984756098,,,,
Brazil,Latin America / Caribbean,Fivemeter,30176,2.446108364,,,,
Chile,Latin America / Caribbean,Fivemeter,301,0.221352826,,,,
Colombia,Latin America / Caribbean,Fivemeter,3602,1.215138972,,,,
Costa Rica,Latin America / Caribbean,Fivemeter,217,0.565383914,,,,
Cuba,Latin America / Caribbean,Fivemeter,1236,6.4375,,,,
Dominican Republic,Latin America / Caribbean,Fivemeter,822,1.420253296,,,,
Ecuador,Latin America / Caribbean,Fivemeter,2798,6.98696499,,,,
El Salvador,Latin America / Caribbean,Fivemeter,323,0.982419855,,,,
French Guiana,Latin America / Caribbean,Fivemeter,298,15.27421835,,,,
Guatemala,Latin America / Caribbean,Fivemeter,94,0.18642656,,,,
Guyana,Latin America / Caribbean,Fivemeter,789,22.74430672,,,,
Haiti,Latin America / Caribbean,Fivemeter,178,1.163474737,,,,
Honduras,Latin America / Caribbean,Fivemeter,228,1.255575748,,,,
Jamaica,Latin America / Caribbean,Fivemeter,220,2.384565359,,,,
Mexico,Latin America / Caribbean,Fivemeter,18605,2.217124471,,,,
Suriname,Latin America / Caribbean,Fivemeter,509,34.39189189,,,,
Nicaragua,Latin America / Caribbean,Fivemeter,123,0.938931298,,,,
Peru,Latin America / Caribbean,Fivemeter,1631,1.358181985,,,,
Panama,Latin America / Caribbean,Fivemeter,436,2.61814688,,,,
Puerto Rico,Latin America / Caribbean,Fivemeter,8921,9.25530149,,,,
Uruguay,Latin America / Caribbean,Fivemeter,1017,3.520614809,,,,
Venezuela,Latin America / Caribbean,Fivemeter,2964,2.197753309,,,,
Algeria,Middle East / North Africa,Onemeter,976,0.522198799,,,,
Egypt,Middle East / North Africa,Onemeter,14301,6.436499149,,,,
Iran,Middle East / North Africa,Onemeter,859,0.235730614,,,,
Kuwait,Middle East / North Africa,Onemeter,428,1.148623262,,,,
Libya,Middle East / North Africa,Onemeter,696,1.533039648,,,,
Morocco,Middle East / North Africa,Onemeter,141,0.143890765,,,,
Oman,Middle East / North Africa,Onemeter,244,0.840857399,,,,
Qatar,Middle East / North Africa,Onemeter,274,1.814569536,,,,
Saudi Arabia,Middle East / North Africa,Onemeter,417,0.149504162,,,,
United Arab Emirates,Middle East / North Africa,Onemeter,1087,2.012962963,,,,
Tunisia,Middle East / North Africa,Onemeter,1718,2.933041964,,,,
Western Sahara,Middle East / North Africa,Onemeter,1,0.131233596,,,,
Yemen,Middle East / North Africa,Onemeter,69,0.494481869,,,,
Algeria,Middle East / North Africa,Twometer,1140,0.609945319,,,,
Egypt,Middle East / North Africa,Twometer,21198,9.540655127,,,,
Iran,Middle East / North Africa,Twometer,1461,0.400934141,,,,
Kuwait,Middle East / North Africa,Twometer,632,1.696097901,,,,
Libya,Middle East / North Africa,Twometer,1016,2.237885463,,,,
Morocco,Middle East / North Africa,Twometer,259,0.264309988,,,,
Oman,Middle East / North Africa,Twometer,263,0.906334,,,,
Qatar,Middle East / North Africa,Twometer,441,2.920529801,,,,
Saudi Arabia,Middle East / North Africa,Twometer,614,0.220133227,,,,
United Arab Emirates,Middle East / North Africa,Twometer,1586,2.937037037,,,,
Tunisia,Middle East / North Africa,Twometer,1965,3.354730768,,,,
Western Sahara,Middle East / North Africa,Twometer,1,0.131233596,,,,
Yemen,Middle East / North Africa,Twometer,69,0.494481869,,,,
Algeria,Middle East / North Africa,Threemeter,1210,0.647398102,,,,
Egypt,Middle East / North Africa,Threemeter,26952,12.13037725,,,,
Iran,Middle East / North Africa,Threemeter,2145,0.588640474,,,,
Kuwait,Middle East / North Africa,Threemeter,677,1.816864366,,,,
Libya,Middle East / North Africa,Threemeter,1094,2.40969163,,,,
Morocco,Middle East / North Africa,Threemeter,470,0.479635885,,,,
Oman,Middle East / North Africa,Threemeter,396,1.364670205,,,,
Qatar,Middle East / North Africa,Threemeter,651,4.311258278,,,,
Saudi Arabia,Middle East / North Africa,Threemeter,826,0.29614014,,,,
United Arab Emirates,Middle East / North Africa,Threemeter,1751,3.242592593,,,,
Tunisia,Middle East / North Africa,Threemeter,2855,4.874176256,,,,
Western Sahara,Middle East / North Africa,Threemeter,2,0.262467192,,,,
Yemen,Middle East / North Africa,Threemeter,83,0.594811524,,,,
Algeria,Middle East / North Africa,Fourmeter,2059,1.101646852,,,,
Egypt,Middle East / North Africa,Fourmeter,31223,14.05264058,,,,
Iran,Middle East / North Africa,Fourmeter,2868,0.787049361,,,,
Kuwait,Middle East / North Africa,Fourmeter,1147,3.078202995,,,,
Libya,Middle East / North Africa,Fourmeter,1215,2.676211454,,,,
Morocco,Middle East / North Africa,Fourmeter,535,0.545968507,,,,
Oman,Middle East / North Africa,Fourmeter,492,1.695499345,,,,
Qatar,Middle East / North Africa,Fourmeter,999,6.61589404,,,,
Saudi Arabia,Middle East / North Africa,Fourmeter,1075,0.385412409,,,,
United Arab Emirates,Middle East / North Africa,Fourmeter,1932,3.577777778,,,,
Tunisia,Middle East / North Africa,Fourmeter,3301,5.635606242,,,,
Western Sahara,Middle East / North Africa,Fourmeter,2,0.262467192,,,,
Yemen,Middle East / North Africa,Fourmeter,99,0.709473986,,,,
Algeria,Middle East / North Africa,Fivemeter,2196,1.174947299,,,,
Egypt,Middle East / North Africa,Fivemeter,36214,16.29895673,,,,
Iran,Middle East / North Africa,Fivemeter,3645,1.000277169,,,,
Kuwait,Middle East / North Africa,Fivemeter,1374,3.687402716,,,,
Libya,Middle East / North Africa,Fivemeter,1299,2.86123348,,,,
Morocco,Middle East / North Africa,Fivemeter,609,0.621485647,,,,
Oman,Middle East / North Africa,Fivemeter,605,2.084912813,,,,
Qatar,Middle East / North Africa,Fivemeter,1476,9.774834437,,,,
Saudi Arabia,Middle East / North Africa,Fivemeter,1402,0.502649486,,,,
United Arab Emirates,Middle East / North Africa,Fivemeter,2364,4.377777778,,,,
Tunisia,Middle East / North Africa,Fivemeter,4260,7.272851436,,,,
Western Sahara,Middle East / North Africa,Fivemeter,3,0.393700787,,,,
Yemen,Middle East / North Africa,Fivemeter,114,0.816970044,,,,
Angola,Sub-Saharan Africa,Onemeter,48,0.17357972,,,,
Benin,Sub-Saharan Africa,Onemeter,336,5.635692721,,,,
"Congo, Rep.",Sub-Saharan Africa,Onemeter,0,0,,,,
"Congo, Dem. Rep.",Sub-Saharan Africa,Onemeter,9,0.02410865,,,,
Cameroon,Sub-Saharan Africa,Onemeter,19,0.077913557,,,,
Djibouti,Sub-Saharan Africa,Onemeter,5,0.336247478,,,,
Equatorial Guinea,Sub-Saharan Africa,Onemeter,0,0,,,,
Ethiopia,Sub-Saharan Africa,Onemeter,173,0.351333239,,,,
Gambia,Sub-Saharan Africa,Onemeter,19,0.740163615,,,,
Gabon,Sub-Saharan Africa,Onemeter,9,0.121868653,,,,
Ghana,Sub-Saharan Africa,Onemeter,356,0.843342098,,,,
Guinea,Sub-Saharan Africa,Onemeter,46,0.324537886,,,,
Ivory Coast,Sub-Saharan Africa,Onemeter,267,1.105178194,,,,
Kenya,Sub-Saharan Africa,Onemeter,40,0.135030213,,,,
Liberia,Sub-Saharan Africa,Onemeter,36,1.074626866,,,,
Madagascar,Sub-Saharan Africa,Onemeter,29,0.230579629,,,,
Mauritania,Sub-Saharan Africa,Onemeter,465,9.35237329,,,,
Mozambique,Sub-Saharan Africa,Onemeter,47,0.266138165,,,,
Nigeria,Sub-Saharan Africa,Onemeter,250,0.228494132,,,,
Guinea-Bissau,Sub-Saharan Africa,Onemeter,5,0.434782609,,,,
South Africa,Sub-Saharan Africa,Onemeter,35,0.007439432,,,,
Senegal,Sub-Saharan Africa,Onemeter,158,1.140958983,,,,
Sierra Leone,Sub-Saharan Africa,Onemeter,4,0.175054705,,,,
Somalia,Sub-Saharan Africa,Onemeter,4,0.093023256,,,,
Sudan,Sub-Saharan Africa,Onemeter,15,0.024143703,,,,
Togo,Sub-Saharan Africa,Onemeter,11,0.146803683,,,,
Sao Tome and Principe,Sub-Saharan Africa,Onemeter,0,0,,,,
Tanzania,Sub-Saharan Africa,Onemeter,11,0.064572938,,,,
Namibia,Sub-Saharan Africa,Onemeter,4,0.0322139,,,,
Angola,Sub-Saharan Africa,Twometer,115,0.415868079,,,,
Benin,Sub-Saharan Africa,Twometer,550,9.225092251,,,,
"Congo, Rep.",Sub-Saharan Africa,Twometer,3,0.10413051,,,,
"Congo, Dem. Rep.",Sub-Saharan Africa,Twometer,17,0.04553856,,,,
Cameroon,Sub-Saharan Africa,Twometer,19,0.077913557,,,,
Djibouti,Sub-Saharan Africa,Twometer,5,0.336247478,,,,
Equatorial Guinea,Sub-Saharan Africa,Twometer,1,0.104166667,,,,
Ethiopia,Sub-Saharan Africa,Twometer,181,0.367579862,,,,
Gambia,Sub-Saharan Africa,Twometer,56,2.181534866,,,,
Gabon,Sub-Saharan Africa,Twometer,12,0.162491537,,,,
Ghana,Sub-Saharan Africa,Twometer,458,1.084973823,,,,
Guinea,Sub-Saharan Africa,Twometer,364,2.568082404,,,,
Ivory Coast,Sub-Saharan Africa,Twometer,280,1.158988369,,,,
Kenya,Sub-Saharan Africa,Twometer,44,0.148533234,,,,
Liberia,Sub-Saharan Africa,Twometer,36,1.074626866,,,,
Madagascar,Sub-Saharan Africa,Twometer,58,0.461159259,,,,
Mauritania,Sub-Saharan Africa,Twometer,718,14.44086887,,,,
Mozambique,Sub-Saharan Africa,Twometer,84,0.475651189,,,,
Nigeria,Sub-Saharan Africa,Twometer,510,0.46612803,,,,
Guinea-Bissau,Sub-Saharan Africa,Twometer,11,0.956521739,,,,
South Africa,Sub-Saharan Africa,Twometer,35,0.007439432,,,,
Senegal,Sub-Saharan Africa,Twometer,916,6.614673599,,,,
Sierra Leone,Sub-Saharan Africa,Twometer,11,0.481400438,,,,
Somalia,Sub-Saharan Africa,Twometer,7,0.162790698,,,,
Sudan,Sub-Saharan Africa,Twometer,20,0.032191604,,,,
Togo,Sub-Saharan Africa,Twometer,17,0.22687842,,,,
Sao Tome and Principe,Sub-Saharan Africa,Twometer,0,0,,,,
Tanzania,Sub-Saharan Africa,Twometer,17,0.099794541,,,,
Namibia,Sub-Saharan Africa,Twometer,4,0.0322139,,,,
Angola,Sub-Saharan Africa,Threemeter,209,0.755795031,,,,
Benin,Sub-Saharan Africa,Threemeter,880,14.7601476,,,,
"Congo, Rep.",Sub-Saharan Africa,Threemeter,3,0.10413051,,,,
"Congo, Dem. Rep.",Sub-Saharan Africa,Threemeter,17,0.04553856,,,,
Cameroon,Sub-Saharan Africa,Threemeter,47,0.192733536,,,,
Djibouti,Sub-Saharan Africa,Threemeter,11,0.739744452,,,,
Equatorial Guinea,Sub-Saharan Africa,Threemeter,2,0.208333333,,,,
Ethiopia,Sub-Saharan Africa,Threemeter,181,0.367579862,,,,
Gambia,Sub-Saharan Africa,Threemeter,195,7.59641605,,,,
Gabon,Sub-Saharan Africa,Threemeter,31,0.419769804,,,,
Ghana,Sub-Saharan Africa,Threemeter,577,1.366877502,,,,
Guinea,Sub-Saharan Africa,Threemeter,469,3.308875406,,,,
Ivory Coast,Sub-Saharan Africa,Threemeter,292,1.208659299,,,,
Kenya,Sub-Saharan Africa,Threemeter,89,0.300442224,,,,
Liberia,Sub-Saharan Africa,Threemeter,42,1.253731343,,,,
Madagascar,Sub-Saharan Africa,Threemeter,84,0.667885823,,,,
Mauritania,Sub-Saharan Africa,Threemeter,869,17.47787611,,,,
Mozambique,Sub-Saharan Africa,Threemeter,164,0.928652322,,,,
Nigeria,Sub-Saharan Africa,Threemeter,1734,1.584835301,,,,
Guinea-Bissau,Sub-Saharan Africa,Threemeter,21,1.826086957,,,,
South Africa,Sub-Saharan Africa,Threemeter,177,0.037622272,,,,
Senegal,Sub-Saharan Africa,Threemeter,1124,8.116695552,,,,
Sierra Leone,Sub-Saharan Africa,Threemeter,22,0.962800875,,,,
Somalia,Sub-Saharan Africa,Threemeter,8,0.186046512,,,,
Sudan,Sub-Saharan Africa,Threemeter,36,0.057944888,,,,
Togo,Sub-Saharan Africa,Threemeter,17,0.22687842,,,,
Sao Tome and Principe,Sub-Saharan Africa,Threemeter,0,0,,,,
Tanzania,Sub-Saharan Africa,Threemeter,19,0.111535075,,,,
Namibia,Sub-Saharan Africa,Threemeter,4,0.0322139,,,,
Angola,Sub-Saharan Africa,Fourmeter,385,1.392254005,,,,
Benin,Sub-Saharan Africa,Fourmeter,931,15.61556525,,,,
"Congo, Rep.",Sub-Saharan Africa,Fourmeter,7,0.242971191,,,,
"Congo, Dem. Rep.",Sub-Saharan Africa,Fourmeter,17,0.04553856,,,,
Cameroon,Sub-Saharan Africa,Fourmeter,220,0.902156975,,,,
Djibouti,Sub-Saharan Africa,Fourmeter,19,1.277740417,,,,
Equatorial Guinea,Sub-Saharan Africa,Fourmeter,2,0.208333333,,,,
Ethiopia,Sub-Saharan Africa,Fourmeter,181,0.367579862,,,,
Gambia,Sub-Saharan Africa,Fourmeter,375,14.6084924,,,,
Gabon,Sub-Saharan Africa,Fourmeter,55,0.744752877,,,,
Ghana,Sub-Saharan Africa,Fourmeter,644,1.52559638,,,,
Guinea,Sub-Saharan Africa,Fourmeter,642,4.529420065,,,,
Ivory Coast,Sub-Saharan Africa,Fourmeter,526,2.177242436,,,,
Kenya,Sub-Saharan Africa,Fourmeter,98,0.330824022,,,,
Liberia,Sub-Saharan Africa,Fourmeter,60,1.791044776,,,,
Madagascar,Sub-Saharan Africa,Fourmeter,114,0.906416475,,,,
Mauritania,Sub-Saharan Africa,Fourmeter,1081,21.74175382,,,,
Mozambique,Sub-Saharan Africa,Fourmeter,1127,6.381653454,,,,
Nigeria,Sub-Saharan Africa,Fourmeter,2083,1.90381311,,,,
Guinea-Bissau,Sub-Saharan Africa,Fourmeter,128,11.13043478,,,,
South Africa,Sub-Saharan Africa,Fourmeter,836,0.177696157,,,,
Senegal,Sub-Saharan Africa,Fourmeter,1348,9.734257655,,,,
Sierra Leone,Sub-Saharan Africa,Fourmeter,32,1.400437637,,,,
Somalia,Sub-Saharan Africa,Fourmeter,10,0.23255814,,,,
Sudan,Sub-Saharan Africa,Fourmeter,61,0.098184394,,,,
Togo,Sub-Saharan Africa,Fourmeter,45,0.600560523,,,,
Sao Tome and Principe,Sub-Saharan Africa,Fourmeter,0,0,,,,
Tanzania,Sub-Saharan Africa,Fourmeter,45,0.264162019,,,,
Namibia,Sub-Saharan Africa,Fourmeter,4,0.0322139,,,,
Angola,Sub-Saharan Africa,Fivemeter,476,1.721332224,,,,
Benin,Sub-Saharan Africa,Fivemeter,976,16.37034552,,,,
"Congo, Rep.",Sub-Saharan Africa,Fivemeter,17,0.590072891,,,,
"Congo, Dem. Rep.",Sub-Saharan Africa,Fivemeter,17,0.04553856,,,,
Cameroon,Sub-Saharan Africa,Fivemeter,288,1.181005495,,,,
Djibouti,Sub-Saharan Africa,Fivemeter,19,1.277740417,,,,
Equatorial Guinea,Sub-Saharan Africa,Fivemeter,2,0.208333333,,,,
Ethiopia,Sub-Saharan Africa,Fivemeter,189,0.383826486,,,,
Gambia,Sub-Saharan Africa,Fivemeter,448,17.45227892,,,,
Gabon,Sub-Saharan Africa,Fivemeter,81,1.096817874,,,,
Ghana,Sub-Saharan Africa,Fivemeter,950,2.250491555,,,,
Guinea,Sub-Saharan Africa,Fivemeter,911,6.427261182,,,,
Ivory Coast,Sub-Saharan Africa,Fivemeter,772,3.195496502,,,,
Kenya,Sub-Saharan Africa,Fivemeter,135,0.455726969,,,,
Liberia,Sub-Saharan Africa,Fivemeter,60,1.791044776,,,,
Madagascar,Sub-Saharan Africa,Fivemeter,162,1.288065516,,,,
Mauritania,Sub-Saharan Africa,Fivemeter,1297,26.08608206,,,,
Mozambique,Sub-Saharan Africa,Fivemeter,1257,7.117780294,,,,
Nigeria,Sub-Saharan Africa,Fivemeter,3027,2.766606954,,,,
Guinea-Bissau,Sub-Saharan Africa,Fivemeter,160,13.91304348,,,,
South Africa,Sub-Saharan Africa,Fivemeter,889,0.188961583,,,,
Senegal,Sub-Saharan Africa,Fivemeter,1503,10.85355286,,,,
Sierra Leone,Sub-Saharan Africa,Fivemeter,50,2.188183807,,,,
Somalia,Sub-Saharan Africa,Fivemeter,17,0.395348837,,,,
Sudan,Sub-Saharan Africa,Fivemeter,97,0.156129281,,,,
Togo,Sub-Saharan Africa,Fivemeter,51,0.68063526,,,,
Sao Tome and Principe,Sub-Saharan Africa,Fivemeter,0,0,,,,
Tanzania,Sub-Saharan Africa,Fivemeter,51,0.299383622,,,,
Namibia,Sub-Saharan Africa,Fivemeter,7,0.056374326,,,,
Myanmar (Burma),East Asia,Onemeter,613,0.962323391,,,,
Brunei,East Asia,Onemeter,0,0,,,,
Cambodia,East Asia,Onemeter,223,1.056571591,,,,
China,East Asia,Onemeter,113390,2.40021354,,,,
Indonesia,East Asia,Onemeter,11558,1.884562016,,,,
North Korea,East Asia,Onemeter,22,0.1,,,,
South Korea,East Asia,Onemeter,1468,0.212208647,,,,
Malaysia,East Asia,Onemeter,1165,0.550208276,,,,
Papua New Guinea,East Asia,Onemeter,8,0.057442378,,,,
Philippines,East Asia,Onemeter,1805,0.621689204,,,,
Thailand,East Asia,Onemeter,5372,1.419376658,,,,
Taiwan China,East Asia,Onemeter,6999,1.813212435,,,,
Vietnam,East Asia,Onemeter,15805,10.21080582,,,,
Myanmar (Burma),East Asia,Twometer,1257,1.973312402,,,,
Brunei,East Asia,Twometer,0,0,,,,
Cambodia,East Asia,Twometer,552,2.615370037,,,,
China,East Asia,Twometer,177883,3.765386588,,,,
Indonesia,East Asia,Twometer,18776,3.061475724,,,,
North Korea,East Asia,Twometer,37,0.168181818,,,,
South Korea,East Asia,Twometer,2846,0.411407227,,,,
Malaysia,East Asia,Twometer,2534,1.196762036,,,,
Papua New Guinea,East Asia,Twometer,12,0.086163567,,,,
Philippines,East Asia,Twometer,4104,1.413524926,,,,
Thailand,East Asia,Twometer,10411,2.750768873,,,,
Taiwan China,East Asia,Twometer,11616,3.009326425,,,,
Vietnam,East Asia,Twometer,25522,16.48846479,,,,
Myanmar (Burma),East Asia,Threemeter,2529,3.970172684,,,,
Brunei,East Asia,Threemeter,0,0,,,,
Cambodia,East Asia,Threemeter,1045,4.951198711,,,,
China,East Asia,Threemeter,263878,5.585709045,,,,
Indonesia,East Asia,Threemeter,30278,4.936906794,,,,
North Korea,East Asia,Threemeter,92,0.418181818,,,,
South Korea,East Asia,Threemeter,4130,0.597017514,,,,
Malaysia,East Asia,Threemeter,3716,1.754999103,,,,
Papua New Guinea,East Asia,Threemeter,16,0.114884756,,,,
Philippines,East Asia,Threemeter,6165,2.123387225,,,,
Thailand,East Asia,Threemeter,28230,7.458861328,,,,
Taiwan China,East Asia,Threemeter,16631,4.308549223,,,,
Vietnam,East Asia,Threemeter,37419,24.17451078,,,,
Myanmar (Burma),East Asia,Fourmeter,4562,7.161695447,,,,
Brunei,East Asia,Fourmeter,6,0.101694915,,,,
Cambodia,East Asia,Fourmeter,1627,7.708708424,,,,
China,East Asia,Fourmeter,389835,8.251937962,,,,
Indonesia,East Asia,Fourmeter,43271,7.0554493,,,,
North Korea,East Asia,Fourmeter,175,0.795454545,,,,
South Korea,East Asia,Fourmeter,6198,0.895959941,,,,
Malaysia,East Asia,Fourmeter,7356,3.47410479,,,,
Papua New Guinea,East Asia,Fourmeter,29,0.208228621,,,,
Philippines,East Asia,Fourmeter,9845,3.390875462,,,,
Thailand,East Asia,Fourmeter,61179,16.16456526,,,,
Taiwan China,East Asia,Fourmeter,21065,5.457253886,,,,
Vietnam,East Asia,Fourmeter,47509,30.69314607,,,,
Myanmar (Burma),East Asia,Fivemeter,7542,11.83987441,,,,
Brunei,East Asia,Fivemeter,179,3.033898305,,,,
Cambodia,East Asia,Fivemeter,2378,11.26693831,,,,
China,East Asia,Fivemeter,510437,10.80481347,,,,
Indonesia,East Asia,Fivemeter,49768,8.114802079,,,,
North Korea,East Asia,Fivemeter,679,3.086363636,,,,
South Korea,East Asia,Fivemeter,8803,1.272529099,,,,
Malaysia,East Asia,Fivemeter,11958,5.647545552,,,,
Papua New Guinea,East Asia,Fivemeter,49,0.351834566,,,,
Philippines,East Asia,Fivemeter,12155,4.186499873,,,,
Thailand,East Asia,Fivemeter,85669,22.63525296,,,,
Taiwan China,East Asia,Fivemeter,27524,7.130569948,,,,
Vietnam,East Asia,Fivemeter,56035,36.20136058,,,,
Bangladesh,South Asia,Onemeter,1896,0.938209781,,,,
Sri Lanka,South Asia,Onemeter,284,0.45276281,,,,
India,South Asia,Onemeter,16223,0.585091228,,,,
Pakistan,South Asia,Onemeter,250,0.096890212,,,,
Bangladesh,South Asia,Twometer,3387,1.676010827,,,,
Sri Lanka,South Asia,Twometer,503,0.801900328,,,,
India,South Asia,Twometer,27414,0.988700667,,,,
Pakistan,South Asia,Twometer,457,0.177115307,,,,
Bangladesh,South Asia,Threemeter,7768,3.843889018,,,,
Sri Lanka,South Asia,Threemeter,987,1.573510187,,,,
India,South Asia,Threemeter,43473,1.567877146,,,,
Pakistan,South Asia,Threemeter,845,0.327488916,,,,
Bangladesh,South Asia,Fourmeter,14458,7.154344416,,,,
Sri Lanka,South Asia,Fourmeter,1728,2.754838504,,,,
India,South Asia,Fourmeter,57483,2.073155338,,,,
Pakistan,South Asia,Fourmeter,1196,0.463522773,,,,
Bangladesh,South Asia,Fivemeter,22790,11.27732115,,,,
Sri Lanka,South Asia,Fivemeter,2343,3.73529318,,,,
India,South Asia,Fivemeter,72263,2.606203994,,,,
Pakistan,South Asia,Fivemeter,1524,0.590642731,,,,
