LOCATION,SUBJECT,MEASURE,TIME,Value
Australia,REAL,IDX2015,1970,26.59
Australia,REAL,IDX2015,1971,27.71
Australia,REAL,IDX2015,1972,29.12
Australia,REAL,IDX2015,1973,32.27
Australia,REAL,IDX2015,1974,34.26
Australia,REAL,IDX2015,1975,32.42
Australia,REAL,IDX2015,1976,31.70
Australia,REAL,IDX2015,1977,31.09
Australia,REAL,IDX2015,1978,30.15
Australia,REAL,IDX2015,1979,31.13
Australia,REAL,IDX2015,1980,31.89
Australia,REAL,IDX2015,1981,33.61
Australia,REAL,IDX2015,1982,31.56
Australia,REAL,IDX2015,1983,30.52
Australia,REAL,IDX2015,1984,32.00
Australia,REAL,IDX2015,1985,33.07
Australia,REAL,IDX2015,1986,32.71
Australia,REAL,IDX2015,1987,32.09
Australia,REAL,IDX2015,1988,36.74
Australia,REAL,IDX2015,1989,43.06
Australia,REAL,IDX2015,1990,41.06
Australia,REAL,IDX2015,1991,40.61
Australia,REAL,IDX2015,1992,40.46
Australia,REAL,IDX2015,1993,40.66
Australia,REAL,IDX2015,1994,41.46
Australia,REAL,IDX2015,1995,40.83
Australia,REAL,IDX2015,1996,40.38
Australia,REAL,IDX2015,1997,41.40
Australia,REAL,IDX2015,1998,43.84
Australia,REAL,IDX2015,1999,46.52
Australia,REAL,IDX2015,2000,48.70
Australia,REAL,IDX2015,2001,52.39
Australia,REAL,IDX2015,2002,60.45
Australia,REAL,IDX2015,2003,69.75
Australia,REAL,IDX2015,2004,73.03
Australia,REAL,IDX2015,2005,72.79
Australia,REAL,IDX2015,2006,75.10
Australia,REAL,IDX2015,2007,80.49
Australia,REAL,IDX2015,2008,81.12
Australia,REAL,IDX2015,2009,82.25
Australia,REAL,IDX2015,2010,89.89
Australia,REAL,IDX2015,2011,85.90
Australia,REAL,IDX2015,2012,83.60
Australia,REAL,IDX2015,2013,87.03
Australia,REAL,IDX2015,2014,93.09
Australia,REAL,IDX2015,2015,100.00
Australia,REAL,IDX2015,2016,104.52
Australia,REAL,IDX2015,2017,111.82
Australia,REAL,IDX2015,2018,108.41
Australia,REAL,IDX2015,2019,102.18
Australia,REAL,IDX2015,2020,106.73
Austria,REAL,IDX2015,2000,77.98
Austria,REAL,IDX2015,2001,76.82
Austria,REAL,IDX2015,2002,76.48
Austria,REAL,IDX2015,2003,75.52
Austria,REAL,IDX2015,2004,72.83
Austria,REAL,IDX2015,2005,74.65
Austria,REAL,IDX2015,2006,76.12
Austria,REAL,IDX2015,2007,77.76
Austria,REAL,IDX2015,2008,76.98
Austria,REAL,IDX2015,2009,79.72
Austria,REAL,IDX2015,2010,85.69
Austria,REAL,IDX2015,2011,88.26
Austria,REAL,IDX2015,2012,92.54
Austria,REAL,IDX2015,2013,95.33
Austria,REAL,IDX2015,2014,96.72
Austria,REAL,IDX2015,2015,100.00
Austria,REAL,IDX2015,2016,106.98
Austria,REAL,IDX2015,2017,110.65
Austria,REAL,IDX2015,2018,113.53
Austria,REAL,IDX2015,2019,117.95
Austria,REAL,IDX2015,2020,125.57
Belgium,REAL,IDX2015,1970,37.70
Belgium,REAL,IDX2015,1971,35.52
Belgium,REAL,IDX2015,1972,36.58
Belgium,REAL,IDX2015,1973,39.40
Belgium,REAL,IDX2015,1974,40.18
Belgium,REAL,IDX2015,1975,41.27
Belgium,REAL,IDX2015,1976,46.38
Belgium,REAL,IDX2015,1977,50.39
Belgium,REAL,IDX2015,1978,53.99
Belgium,REAL,IDX2015,1979,56.36
Belgium,REAL,IDX2015,1980,51.33
Belgium,REAL,IDX2015,1981,45.19
Belgium,REAL,IDX2015,1982,40.61
Belgium,REAL,IDX2015,1983,37.32
Belgium,REAL,IDX2015,1984,36.06
Belgium,REAL,IDX2015,1985,34.85
Belgium,REAL,IDX2015,1986,36.34
Belgium,REAL,IDX2015,1987,38.04
Belgium,REAL,IDX2015,1988,40.62
Belgium,REAL,IDX2015,1989,44.55
Belgium,REAL,IDX2015,1990,47.96
Belgium,REAL,IDX2015,1991,48.63
Belgium,REAL,IDX2015,1992,50.94
Belgium,REAL,IDX2015,1993,52.31
Belgium,REAL,IDX2015,1994,54.43
Belgium,REAL,IDX2015,1995,56.03
Belgium,REAL,IDX2015,1996,56.89
Belgium,REAL,IDX2015,1997,57.43
Belgium,REAL,IDX2015,1998,60.40
Belgium,REAL,IDX2015,1999,64.45
Belgium,REAL,IDX2015,2000,65.72
Belgium,REAL,IDX2015,2001,67.33
Belgium,REAL,IDX2015,2002,70.90
Belgium,REAL,IDX2015,2003,74.67
Belgium,REAL,IDX2015,2004,79.17
Belgium,REAL,IDX2015,2005,85.97
Belgium,REAL,IDX2015,2006,91.82
Belgium,REAL,IDX2015,2007,96.40
Belgium,REAL,IDX2015,2008,97.56
Belgium,REAL,IDX2015,2009,97.90
Belgium,REAL,IDX2015,2010,99.11
Belgium,REAL,IDX2015,2011,100.24
Belgium,REAL,IDX2015,2012,100.45
Belgium,REAL,IDX2015,2013,100.56
Belgium,REAL,IDX2015,2014,99.26
Belgium,REAL,IDX2015,2015,100.00
Belgium,REAL,IDX2015,2016,101.10
Belgium,REAL,IDX2015,2017,102.79
Belgium,REAL,IDX2015,2018,103.58
Belgium,REAL,IDX2015,2019,106.37
Belgium,REAL,IDX2015,2020,110.14
Canada,REAL,IDX2015,1970,31.22
Canada,REAL,IDX2015,1971,31.86
Canada,REAL,IDX2015,1972,32.91
Canada,REAL,IDX2015,1973,37.15
Canada,REAL,IDX2015,1974,42.75
Canada,REAL,IDX2015,1975,42.83
Canada,REAL,IDX2015,1976,44.39
Canada,REAL,IDX2015,1977,42.96
Canada,REAL,IDX2015,1978,41.60
Canada,REAL,IDX2015,1979,42.08
Canada,REAL,IDX2015,1980,43.01
Canada,REAL,IDX2015,1981,44.25
Canada,REAL,IDX2015,1982,38.04
Canada,REAL,IDX2015,1983,37.53
Canada,REAL,IDX2015,1984,35.65
Canada,REAL,IDX2015,1985,36.15
Canada,REAL,IDX2015,1986,40.26
Canada,REAL,IDX2015,1987,44.92
Canada,REAL,IDX2015,1988,50.82
Canada,REAL,IDX2015,1989,55.05
Canada,REAL,IDX2015,1990,51.46
Canada,REAL,IDX2015,1991,51.31
Canada,REAL,IDX2015,1992,51.85
Canada,REAL,IDX2015,1993,51.94
Canada,REAL,IDX2015,1994,53.10
Canada,REAL,IDX2015,1995,49.97
Canada,REAL,IDX2015,1996,49.22
Canada,REAL,IDX2015,1997,49.77
Canada,REAL,IDX2015,1998,48.48
Canada,REAL,IDX2015,1999,49.04
Canada,REAL,IDX2015,2000,50.01
Canada,REAL,IDX2015,2001,51.30
Canada,REAL,IDX2015,2002,54.37
Canada,REAL,IDX2015,2003,57.93
Canada,REAL,IDX2015,2004,61.75
Canada,REAL,IDX2015,2005,65.61
Canada,REAL,IDX2015,2006,72.38
Canada,REAL,IDX2015,2007,79.53
Canada,REAL,IDX2015,2008,82.65
Canada,REAL,IDX2015,2009,80.21
Canada,REAL,IDX2015,2010,86.21
Canada,REAL,IDX2015,2011,88.61
Canada,REAL,IDX2015,2012,91.70
Canada,REAL,IDX2015,2013,92.82
Canada,REAL,IDX2015,2014,95.86
Canada,REAL,IDX2015,2015,100.00
Canada,REAL,IDX2015,2016,109.04
Canada,REAL,IDX2015,2017,120.98
Canada,REAL,IDX2015,2018,123.90
Canada,REAL,IDX2015,2019,123.43
Canada,REAL,IDX2015,2020,129.65
Czechia,REAL,IDX2015,2008,107.80
Czechia,REAL,IDX2015,2009,102.75
Czechia,REAL,IDX2015,2010,100.48
Czechia,REAL,IDX2015,2011,98.82
Czechia,REAL,IDX2015,2012,95.31
Czechia,REAL,IDX2015,2013,94.67
Czechia,REAL,IDX2015,2014,96.18
Czechia,REAL,IDX2015,2015,100.00
Czechia,REAL,IDX2015,2016,106.71
Czechia,REAL,IDX2015,2017,116.51
Czechia,REAL,IDX2015,2018,123.40
Czechia,REAL,IDX2015,2019,131.00
Czechia,REAL,IDX2015,2020,138.24
Denmark,REAL,IDX2015,1970,46.39
Denmark,REAL,IDX2015,1971,48.87
Denmark,REAL,IDX2015,1972,52.76
Denmark,REAL,IDX2015,1973,55.65
Denmark,REAL,IDX2015,1974,50.62
Denmark,REAL,IDX2015,1975,53.94
Denmark,REAL,IDX2015,1976,53.75
Denmark,REAL,IDX2015,1977,55.64
Denmark,REAL,IDX2015,1978,59.79
Denmark,REAL,IDX2015,1979,59.98
Denmark,REAL,IDX2015,1980,53.68
Denmark,REAL,IDX2015,1981,45.76
Denmark,REAL,IDX2015,1982,40.54
Denmark,REAL,IDX2015,1983,46.11
Denmark,REAL,IDX2015,1984,49.79
Denmark,REAL,IDX2015,1985,56.19
Denmark,REAL,IDX2015,1986,62.25
Denmark,REAL,IDX2015,1987,55.15
Denmark,REAL,IDX2015,1988,53.57
Denmark,REAL,IDX2015,1989,50.75
Denmark,REAL,IDX2015,1990,46.16
Denmark,REAL,IDX2015,1991,45.48
Denmark,REAL,IDX2015,1992,44.21
Denmark,REAL,IDX2015,1993,43.32
Denmark,REAL,IDX2015,1994,47.40
Denmark,REAL,IDX2015,1995,50.07
Denmark,REAL,IDX2015,1996,54.49
Denmark,REAL,IDX2015,1997,59.68
Denmark,REAL,IDX2015,1998,64.07
Denmark,REAL,IDX2015,1999,67.12
Denmark,REAL,IDX2015,2000,69.54
Denmark,REAL,IDX2015,2001,71.92
Denmark,REAL,IDX2015,2002,73.17
Denmark,REAL,IDX2015,2003,75.90
Denmark,REAL,IDX2015,2004,83.23
Denmark,REAL,IDX2015,2005,98.21
Denmark,REAL,IDX2015,2006,119.23
Denmark,REAL,IDX2015,2007,120.36
Denmark,REAL,IDX2015,2008,110.93
Denmark,REAL,IDX2015,2009,96.40
Denmark,REAL,IDX2015,2010,96.71
Denmark,REAL,IDX2015,2011,92.88
Denmark,REAL,IDX2015,2012,88.32
Denmark,REAL,IDX2015,2013,90.99
Denmark,REAL,IDX2015,2014,93.86
Denmark,REAL,IDX2015,2015,100.00
Denmark,REAL,IDX2015,2016,104.60
Denmark,REAL,IDX2015,2017,108.13
Denmark,REAL,IDX2015,2018,112.53
Denmark,REAL,IDX2015,2019,114.59
Denmark,REAL,IDX2015,2020,119.87
Finland,REAL,IDX2015,1970,58.60
Finland,REAL,IDX2015,1971,57.15
Finland,REAL,IDX2015,1972,57.61
Finland,REAL,IDX2015,1973,64.80
Finland,REAL,IDX2015,1974,65.34
Finland,REAL,IDX2015,1975,58.63
Finland,REAL,IDX2015,1976,55.16
Finland,REAL,IDX2015,1977,51.11
Finland,REAL,IDX2015,1978,48.83
Finland,REAL,IDX2015,1979,48.09
Finland,REAL,IDX2015,1980,49.32
Finland,REAL,IDX2015,1981,50.89
Finland,REAL,IDX2015,1982,55.15
Finland,REAL,IDX2015,1983,61.26
Finland,REAL,IDX2015,1984,64.18
Finland,REAL,IDX2015,1985,63.45
Finland,REAL,IDX2015,1986,63.14
Finland,REAL,IDX2015,1987,67.36
Finland,REAL,IDX2015,1988,86.06
Finland,REAL,IDX2015,1989,102.18
Finland,REAL,IDX2015,1990,92.68
Finland,REAL,IDX2015,1991,78.02
Finland,REAL,IDX2015,1992,64.50
Finland,REAL,IDX2015,1993,55.91
Finland,REAL,IDX2015,1994,57.81
Finland,REAL,IDX2015,1995,56.54
Finland,REAL,IDX2015,1996,59.31
Finland,REAL,IDX2015,1997,67.38
Finland,REAL,IDX2015,1998,72.15
Finland,REAL,IDX2015,1999,76.15
Finland,REAL,IDX2015,2000,76.80
Finland,REAL,IDX2015,2001,73.72
Finland,REAL,IDX2015,2002,76.87
Finland,REAL,IDX2015,2003,80.94
Finland,REAL,IDX2015,2004,87.30
Finland,REAL,IDX2015,2005,93.22
Finland,REAL,IDX2015,2006,98.35
Finland,REAL,IDX2015,2007,102.18
Finland,REAL,IDX2015,2008,99.62
Finland,REAL,IDX2015,2009,99.17
Finland,REAL,IDX2015,2010,103.94
Finland,REAL,IDX2015,2011,103.81
Finland,REAL,IDX2015,2012,103.38
Finland,REAL,IDX2015,2013,102.10
Finland,REAL,IDX2015,2014,100.45
Finland,REAL,IDX2015,2015,100.00
Finland,REAL,IDX2015,2016,100.60
Finland,REAL,IDX2015,2017,101.12
Finland,REAL,IDX2015,2018,100.88
Finland,REAL,IDX2015,2019,100.90
Finland,REAL,IDX2015,2020,102.17
France,REAL,IDX2015,1970,41.90
France,REAL,IDX2015,1971,40.38
France,REAL,IDX2015,1972,42.89
France,REAL,IDX2015,1973,44.43
France,REAL,IDX2015,1974,45.89
France,REAL,IDX2015,1975,45.44
France,REAL,IDX2015,1976,47.61
France,REAL,IDX2015,1977,49.79
France,REAL,IDX2015,1978,50.63
France,REAL,IDX2015,1979,51.91
France,REAL,IDX2015,1980,55.16
France,REAL,IDX2015,1981,54.92
France,REAL,IDX2015,1982,51.63
France,REAL,IDX2015,1983,48.67
France,REAL,IDX2015,1984,45.95
France,REAL,IDX2015,1985,45.96
France,REAL,IDX2015,1986,48.21
France,REAL,IDX2015,1987,51.48
France,REAL,IDX2015,1988,55.04
France,REAL,IDX2015,1989,57.61
France,REAL,IDX2015,1990,60.18
France,REAL,IDX2015,1991,60.59
France,REAL,IDX2015,1992,57.93
France,REAL,IDX2015,1993,56.58
France,REAL,IDX2015,1994,55.90
France,REAL,IDX2015,1995,53.18
France,REAL,IDX2015,1996,51.83
France,REAL,IDX2015,1997,51.22
France,REAL,IDX2015,1998,52.12
France,REAL,IDX2015,1999,55.99
France,REAL,IDX2015,2000,59.54
France,REAL,IDX2015,2001,63.00
France,REAL,IDX2015,2002,67.86
France,REAL,IDX2015,2003,74.66
France,REAL,IDX2015,2004,84.08
France,REAL,IDX2015,2005,95.33
France,REAL,IDX2015,2006,104.56
France,REAL,IDX2015,2007,109.08
France,REAL,IDX2015,2008,107.14
France,REAL,IDX2015,2009,101.01
France,REAL,IDX2015,2010,105.01
France,REAL,IDX2015,2011,109.24
France,REAL,IDX2015,2012,107.14
France,REAL,IDX2015,2013,104.21
France,REAL,IDX2015,2014,102.21
France,REAL,IDX2015,2015,100.00
France,REAL,IDX2015,2016,100.68
France,REAL,IDX2015,2017,102.89
France,REAL,IDX2015,2018,104.28
France,REAL,IDX2015,2019,106.81
France,REAL,IDX2015,2020,111.92
Germany,REAL,IDX2015,1970,102.21
Germany,REAL,IDX2015,1971,106.25
Germany,REAL,IDX2015,1972,108.08
Germany,REAL,IDX2015,1973,107.61
Germany,REAL,IDX2015,1974,106.81
Germany,REAL,IDX2015,1975,103.22
Germany,REAL,IDX2015,1976,101.66
Germany,REAL,IDX2015,1977,104.48
Germany,REAL,IDX2015,1978,109.91
Germany,REAL,IDX2015,1979,113.11
Germany,REAL,IDX2015,1980,113.97
Germany,REAL,IDX2015,1981,114.85
Germany,REAL,IDX2015,1982,110.43
Germany,REAL,IDX2015,1983,107.35
Germany,REAL,IDX2015,1984,102.44
Germany,REAL,IDX2015,1985,99.80
Germany,REAL,IDX2015,1986,101.13
Germany,REAL,IDX2015,1987,100.41
Germany,REAL,IDX2015,1988,100.28
Germany,REAL,IDX2015,1989,99.65
Germany,REAL,IDX2015,1990,104.39
Germany,REAL,IDX2015,1991,105.99
Germany,REAL,IDX2015,1992,107.18
Germany,REAL,IDX2015,1993,108.05
Germany,REAL,IDX2015,1994,110.11
Germany,REAL,IDX2015,1995,110.26
Germany,REAL,IDX2015,1996,108.08
Germany,REAL,IDX2015,1997,105.00
Germany,REAL,IDX2015,1998,103.76
Germany,REAL,IDX2015,1999,103.22
Germany,REAL,IDX2015,2000,102.74
Germany,REAL,IDX2015,2001,100.71
Germany,REAL,IDX2015,2002,98.13
Germany,REAL,IDX2015,2003,97.07
Germany,REAL,IDX2015,2004,94.52
Germany,REAL,IDX2015,2005,94.67
Germany,REAL,IDX2015,2006,93.10
Germany,REAL,IDX2015,2007,89.43
Germany,REAL,IDX2015,2008,88.90
Germany,REAL,IDX2015,2009,89.57
Germany,REAL,IDX2015,2010,89.02
Germany,REAL,IDX2015,2011,90.52
Germany,REAL,IDX2015,2012,92.34
Germany,REAL,IDX2015,2013,93.95
Germany,REAL,IDX2015,2014,96.03
Germany,REAL,IDX2015,2015,100.00
Germany,REAL,IDX2015,2016,106.77
Germany,REAL,IDX2015,2017,111.62
Germany,REAL,IDX2015,2018,117.31
Germany,REAL,IDX2015,2019,122.48
Germany,REAL,IDX2015,2020,131.14
Greece,REAL,IDX2015,1997,82.59
Greece,REAL,IDX2015,1998,96.25
Greece,REAL,IDX2015,1999,100.43
Greece,REAL,IDX2015,2000,111.18
Greece,REAL,IDX2015,2001,125.22
Greece,REAL,IDX2015,2002,139.48
Greece,REAL,IDX2015,2003,143.42
Greece,REAL,IDX2015,2004,142.03
Greece,REAL,IDX2015,2005,152.94
Greece,REAL,IDX2015,2006,167.39
Greece,REAL,IDX2015,2007,171.55
Greece,REAL,IDX2015,2008,166.81
Greece,REAL,IDX2015,2009,158.13
Greece,REAL,IDX2015,2010,151.76
Greece,REAL,IDX2015,2011,139.27
Greece,REAL,IDX2015,2012,121.72
Greece,REAL,IDX2015,2013,110.32
Greece,REAL,IDX2015,2014,104.03
Greece,REAL,IDX2015,2015,100.00
Greece,REAL,IDX2015,2016,98.47
Greece,REAL,IDX2015,2017,96.96
Greece,REAL,IDX2015,2018,98.76
Greece,REAL,IDX2015,2019,105.83
Greece,REAL,IDX2015,2020,112.18
Hungary,REAL,IDX2015,2007,127.61
Hungary,REAL,IDX2015,2008,123.54
Hungary,REAL,IDX2015,2009,112.34
Hungary,REAL,IDX2015,2010,106.06
Hungary,REAL,IDX2015,2011,99.09
Hungary,REAL,IDX2015,2012,90.29
Hungary,REAL,IDX2015,2013,86.46
Hungary,REAL,IDX2015,2014,88.90
Hungary,REAL,IDX2015,2015,100.00
Hungary,REAL,IDX2015,2016,112.26
Hungary,REAL,IDX2015,2017,121.94
Hungary,REAL,IDX2015,2018,134.95
Hungary,REAL,IDX2015,2019,151.23
Hungary,REAL,IDX2015,2020,153.67
Iceland,REAL,IDX2015,2001,73.97
Iceland,REAL,IDX2015,2002,73.54
Iceland,REAL,IDX2015,2003,81.26
Iceland,REAL,IDX2015,2004,86.83
Iceland,REAL,IDX2015,2005,110.12
Iceland,REAL,IDX2015,2006,119.94
Iceland,REAL,IDX2015,2007,125.24
Iceland,REAL,IDX2015,2008,116.22
Iceland,REAL,IDX2015,2009,90.75
Iceland,REAL,IDX2015,2010,84.64
Iceland,REAL,IDX2015,2011,85.43
Iceland,REAL,IDX2015,2012,86.29
Iceland,REAL,IDX2015,2013,88.00
Iceland,REAL,IDX2015,2014,93.07
Iceland,REAL,IDX2015,2015,100.00
Iceland,REAL,IDX2015,2016,108.69
Iceland,REAL,IDX2015,2017,131.15
Iceland,REAL,IDX2015,2018,137.73
Iceland,REAL,IDX2015,2019,137.89
Iceland,REAL,IDX2015,2020,143.31
Ireland,REAL,IDX2015,1970,32.74
Ireland,REAL,IDX2015,1971,33.58
Ireland,REAL,IDX2015,1972,33.64
Ireland,REAL,IDX2015,1973,32.69
Ireland,REAL,IDX2015,1974,34.20
Ireland,REAL,IDX2015,1975,35.46
Ireland,REAL,IDX2015,1976,35.29
Ireland,REAL,IDX2015,1977,36.88
Ireland,REAL,IDX2015,1978,45.70
Ireland,REAL,IDX2015,1979,49.68
Ireland,REAL,IDX2015,1980,47.05
Ireland,REAL,IDX2015,1981,47.67
Ireland,REAL,IDX2015,1982,44.52
Ireland,REAL,IDX2015,1983,43.86
Ireland,REAL,IDX2015,1984,42.65
Ireland,REAL,IDX2015,1985,41.09
Ireland,REAL,IDX2015,1986,40.41
Ireland,REAL,IDX2015,1987,39.06
Ireland,REAL,IDX2015,1988,40.97
Ireland,REAL,IDX2015,1989,42.52
Ireland,REAL,IDX2015,1990,47.43
Ireland,REAL,IDX2015,1991,47.50
Ireland,REAL,IDX2015,1992,47.01
Ireland,REAL,IDX2015,1993,46.97
Ireland,REAL,IDX2015,1994,47.92
Ireland,REAL,IDX2015,1995,49.56
Ireland,REAL,IDX2015,1996,52.02
Ireland,REAL,IDX2015,1997,58.14
Ireland,REAL,IDX2015,1998,69.40
Ireland,REAL,IDX2015,1999,81.98
Ireland,REAL,IDX2015,2000,94.36
Ireland,REAL,IDX2015,2001,102.27
Ireland,REAL,IDX2015,2002,104.54
Ireland,REAL,IDX2015,2003,115.60
Ireland,REAL,IDX2015,2004,126.58
Ireland,REAL,IDX2015,2005,135.29
Ireland,REAL,IDX2015,2006,151.25
Ireland,REAL,IDX2015,2007,157.60
Ireland,REAL,IDX2015,2008,145.33
Ireland,REAL,IDX2015,2009,126.63
Ireland,REAL,IDX2015,2010,111.23
Ireland,REAL,IDX2015,2011,91.27
Ireland,REAL,IDX2015,2012,78.19
Ireland,REAL,IDX2015,2013,78.42
Ireland,REAL,IDX2015,2014,90.67
Ireland,REAL,IDX2015,2015,100.00
Ireland,REAL,IDX2015,2016,107.01
Ireland,REAL,IDX2015,2017,117.39
Ireland,REAL,IDX2015,2018,126.91
Ireland,REAL,IDX2015,2019,127.34
Ireland,REAL,IDX2015,2020,127.25
Italy,REAL,IDX2015,1970,61.43
Italy,REAL,IDX2015,1971,61.61
Italy,REAL,IDX2015,1972,61.04
Italy,REAL,IDX2015,1973,60.41
Italy,REAL,IDX2015,1974,84.56
Italy,REAL,IDX2015,1975,80.90
Italy,REAL,IDX2015,1976,85.07
Italy,REAL,IDX2015,1977,85.04
Italy,REAL,IDX2015,1978,86.60
Italy,REAL,IDX2015,1979,91.97
Italy,REAL,IDX2015,1980,94.18
Italy,REAL,IDX2015,1981,109.78
Italy,REAL,IDX2015,1982,105.82
Italy,REAL,IDX2015,1983,94.89
Italy,REAL,IDX2015,1984,84.27
Italy,REAL,IDX2015,1985,75.63
Italy,REAL,IDX2015,1986,73.65
Italy,REAL,IDX2015,1987,75.95
Italy,REAL,IDX2015,1988,79.53
Italy,REAL,IDX2015,1989,98.19
Italy,REAL,IDX2015,1990,112.13
Italy,REAL,IDX2015,1991,116.59
Italy,REAL,IDX2015,1992,117.73
Italy,REAL,IDX2015,1993,112.03
Italy,REAL,IDX2015,1994,103.57
Italy,REAL,IDX2015,1995,98.38
Italy,REAL,IDX2015,1996,91.40
Italy,REAL,IDX2015,1997,85.48
Italy,REAL,IDX2015,1998,85.64
Italy,REAL,IDX2015,1999,88.93
Italy,REAL,IDX2015,2000,93.38
Italy,REAL,IDX2015,2001,98.52
Italy,REAL,IDX2015,2002,104.88
Italy,REAL,IDX2015,2003,112.23
Italy,REAL,IDX2015,2004,120.45
Italy,REAL,IDX2015,2005,127.00
Italy,REAL,IDX2015,2006,131.63
Italy,REAL,IDX2015,2007,135.39
Italy,REAL,IDX2015,2008,133.41
Italy,REAL,IDX2015,2009,129.24
Italy,REAL,IDX2015,2010,126.63
Italy,REAL,IDX2015,2011,124.71
Italy,REAL,IDX2015,2012,118.43
Italy,REAL,IDX2015,2013,109.54
Italy,REAL,IDX2015,2014,104.11
Italy,REAL,IDX2015,2015,100.00
Italy,REAL,IDX2015,2016,100.14
Italy,REAL,IDX2015,2017,98.02
Italy,REAL,IDX2015,2018,96.56
Italy,REAL,IDX2015,2019,95.99
Italy,REAL,IDX2015,2020,98.04
Japan,REAL,IDX2015,1960,30.23
Japan,REAL,IDX2015,1961,39.17
Japan,REAL,IDX2015,1962,44.27
Japan,REAL,IDX2015,1963,46.94
Japan,REAL,IDX2015,1964,51.53
Japan,REAL,IDX2015,1965,53.60
Japan,REAL,IDX2015,1966,54.83
Japan,REAL,IDX2015,1967,59.72
Japan,REAL,IDX2015,1968,66.84
Japan,REAL,IDX2015,1969,77.74
Japan,REAL,IDX2015,1970,87.52
Japan,REAL,IDX2015,1971,95.20
Japan,REAL,IDX2015,1972,105.45
Japan,REAL,IDX2015,1973,126.15
Japan,REAL,IDX2015,1974,118.81
Japan,REAL,IDX2015,1975,102.22
Japan,REAL,IDX2015,1976,95.33
Japan,REAL,IDX2015,1977,92.50
Japan,REAL,IDX2015,1978,93.37
Japan,REAL,IDX2015,1979,98.63
Japan,REAL,IDX2015,1980,103.78
Japan,REAL,IDX2015,1981,110.15
Japan,REAL,IDX2015,1982,115.73
Japan,REAL,IDX2015,1983,119.02
Japan,REAL,IDX2015,1984,120.26
Japan,REAL,IDX2015,1985,121.33
Japan,REAL,IDX2015,1986,123.99
Japan,REAL,IDX2015,1987,132.88
Japan,REAL,IDX2015,1988,140.06
Japan,REAL,IDX2015,1989,147.96
Japan,REAL,IDX2015,1990,163.90
Japan,REAL,IDX2015,1991,166.34
Japan,REAL,IDX2015,1992,157.26
Japan,REAL,IDX2015,1993,148.97
Japan,REAL,IDX2015,1994,144.75
Japan,REAL,IDX2015,1995,142.91
Japan,REAL,IDX2015,1996,140.08
Japan,REAL,IDX2015,1997,136.44
Japan,REAL,IDX2015,1998,134.02
Japan,REAL,IDX2015,1999,130.59
Japan,REAL,IDX2015,2000,126.86
Japan,REAL,IDX2015,2001,122.91
Japan,REAL,IDX2015,2002,118.08
Japan,REAL,IDX2015,2003,111.92
Japan,REAL,IDX2015,2004,105.71
Japan,REAL,IDX2015,2005,101.37
Japan,REAL,IDX2015,2006,98.37
Japan,REAL,IDX2015,2007,97.72
Japan,REAL,IDX2015,2008,97.50
Japan,REAL,IDX2015,2009,93.85
Japan,REAL,IDX2015,2010,96.64
Japan,REAL,IDX2015,2011,97.17
Japan,REAL,IDX2015,2012,96.91
Japan,REAL,IDX2015,2013,98.66
Japan,REAL,IDX2015,2014,98.20
Japan,REAL,IDX2015,2015,100.00
Japan,REAL,IDX2015,2016,102.56
Japan,REAL,IDX2015,2017,104.76
Japan,REAL,IDX2015,2018,106.05
Japan,REAL,IDX2015,2019,107.20
Japan,REAL,IDX2015,2020,107.05
South Korea,REAL,IDX2015,1986,128.39
South Korea,REAL,IDX2015,1987,124.21
South Korea,REAL,IDX2015,1988,136.01
South Korea,REAL,IDX2015,1989,146.27
South Korea,REAL,IDX2015,1990,157.07
South Korea,REAL,IDX2015,1991,156.24
South Korea,REAL,IDX2015,1992,134.81
South Korea,REAL,IDX2015,1993,122.11
South Korea,REAL,IDX2015,1994,109.61
South Korea,REAL,IDX2015,1995,102.91
South Korea,REAL,IDX2015,1996,96.99
South Korea,REAL,IDX2015,1997,93.98
South Korea,REAL,IDX2015,1998,80.44
South Korea,REAL,IDX2015,1999,77.32
South Korea,REAL,IDX2015,2000,75.41
South Korea,REAL,IDX2015,2001,75.16
South Korea,REAL,IDX2015,2002,84.99
South Korea,REAL,IDX2015,2003,89.78
South Korea,REAL,IDX2015,2004,87.68
South Korea,REAL,IDX2015,2005,86.75
South Korea,REAL,IDX2015,2006,91.20
South Korea,REAL,IDX2015,2007,98.50
South Korea,REAL,IDX2015,2008,101.07
South Korea,REAL,IDX2015,2009,99.51
South Korea,REAL,IDX2015,2010,99.13
South Korea,REAL,IDX2015,2011,100.40
South Korea,REAL,IDX2015,2012,99.52
South Korea,REAL,IDX2015,2013,97.54
South Korea,REAL,IDX2015,2014,98.14
South Korea,REAL,IDX2015,2015,100.00
South Korea,REAL,IDX2015,2016,100.51
South Korea,REAL,IDX2015,2017,100.00
South Korea,REAL,IDX2015,2018,100.16
South Korea,REAL,IDX2015,2019,99.32
South Korea,REAL,IDX2015,2020,101.65
Luxembourg,REAL,IDX2015,2007,83.06
Luxembourg,REAL,IDX2015,2008,83.24
Luxembourg,REAL,IDX2015,2009,82.70
Luxembourg,REAL,IDX2015,2010,86.12
Luxembourg,REAL,IDX2015,2011,86.67
Luxembourg,REAL,IDX2015,2012,88.52
Luxembourg,REAL,IDX2015,2013,91.42
Luxembourg,REAL,IDX2015,2014,94.97
Luxembourg,REAL,IDX2015,2015,100.00
Luxembourg,REAL,IDX2015,2016,105.68
Luxembourg,REAL,IDX2015,2017,109.62
Luxembourg,REAL,IDX2015,2018,114.89
Luxembourg,REAL,IDX2015,2019,124.11
Luxembourg,REAL,IDX2015,2020,140.70
Mexico,REAL,IDX2015,2005,91.23
Mexico,REAL,IDX2015,2006,93.05
Mexico,REAL,IDX2015,2007,95.06
Mexico,REAL,IDX2015,2008,95.59
Mexico,REAL,IDX2015,2009,97.42
Mexico,REAL,IDX2015,2010,95.23
Mexico,REAL,IDX2015,2011,95.70
Mexico,REAL,IDX2015,2012,93.81
Mexico,REAL,IDX2015,2013,94.94
Mexico,REAL,IDX2015,2014,95.01
Mexico,REAL,IDX2015,2015,100.00
Mexico,REAL,IDX2015,2016,102.47
Mexico,REAL,IDX2015,2017,105.09
Mexico,REAL,IDX2015,2018,110.15
Mexico,REAL,IDX2015,2019,115.28
Mexico,REAL,IDX2015,2020,117.80
Netherlands,REAL,IDX2015,1970,41.32
Netherlands,REAL,IDX2015,1971,43.08
Netherlands,REAL,IDX2015,1972,43.86
Netherlands,REAL,IDX2015,1973,45.44
Netherlands,REAL,IDX2015,1974,46.30
Netherlands,REAL,IDX2015,1975,47.39
Netherlands,REAL,IDX2015,1976,56.83
Netherlands,REAL,IDX2015,1977,74.23
Netherlands,REAL,IDX2015,1978,77.29
Netherlands,REAL,IDX2015,1979,69.92
Netherlands,REAL,IDX2015,1980,60.05
Netherlands,REAL,IDX2015,1981,50.76
Netherlands,REAL,IDX2015,1982,42.96
Netherlands,REAL,IDX2015,1983,42.50
Netherlands,REAL,IDX2015,1984,41.32
Netherlands,REAL,IDX2015,1985,40.40
Netherlands,REAL,IDX2015,1986,42.24
Netherlands,REAL,IDX2015,1987,44.10
Netherlands,REAL,IDX2015,1988,45.40
Netherlands,REAL,IDX2015,1989,47.61
Netherlands,REAL,IDX2015,1990,47.90
Netherlands,REAL,IDX2015,1991,47.42
Netherlands,REAL,IDX2015,1992,49.85
Netherlands,REAL,IDX2015,1993,52.81
Netherlands,REAL,IDX2015,1994,57.84
Netherlands,REAL,IDX2015,1995,60.72
Netherlands,REAL,IDX2015,1996,66.01
Netherlands,REAL,IDX2015,1997,72.26
Netherlands,REAL,IDX2015,1998,78.68
Netherlands,REAL,IDX2015,1999,89.90
Netherlands,REAL,IDX2015,2000,103.19
Netherlands,REAL,IDX2015,2001,111.07
Netherlands,REAL,IDX2015,2002,114.33
Netherlands,REAL,IDX2015,2003,115.75
Netherlands,REAL,IDX2015,2004,119.09
Netherlands,REAL,IDX2015,2005,121.43
Netherlands,REAL,IDX2015,2006,123.25
Netherlands,REAL,IDX2015,2007,126.62
Netherlands,REAL,IDX2015,2008,126.77
Netherlands,REAL,IDX2015,2009,122.96
Netherlands,REAL,IDX2015,2010,118.89
Netherlands,REAL,IDX2015,2011,114.11
Netherlands,REAL,IDX2015,2012,105.10
Netherlands,REAL,IDX2015,2013,96.77
Netherlands,REAL,IDX2015,2014,96.72
Netherlands,REAL,IDX2015,2015,100.00
Netherlands,REAL,IDX2015,2016,104.45
Netherlands,REAL,IDX2015,2017,110.81
Netherlands,REAL,IDX2015,2018,118.69
Netherlands,REAL,IDX2015,2019,124.09
Netherlands,REAL,IDX2015,2020,131.49
New Zealand,REAL,IDX2015,1970,25.49
New Zealand,REAL,IDX2015,1971,24.80
New Zealand,REAL,IDX2015,1972,26.75
New Zealand,REAL,IDX2015,1973,31.73
New Zealand,REAL,IDX2015,1974,40.62
New Zealand,REAL,IDX2015,1975,38.64
New Zealand,REAL,IDX2015,1976,34.72
New Zealand,REAL,IDX2015,1977,31.96
New Zealand,REAL,IDX2015,1978,29.45
New Zealand,REAL,IDX2015,1979,26.49
New Zealand,REAL,IDX2015,1980,24.49
New Zealand,REAL,IDX2015,1981,26.13
New Zealand,REAL,IDX2015,1982,29.67
New Zealand,REAL,IDX2015,1983,30.90
New Zealand,REAL,IDX2015,1984,31.96
New Zealand,REAL,IDX2015,1985,31.27
New Zealand,REAL,IDX2015,1986,30.79
New Zealand,REAL,IDX2015,1987,32.52
New Zealand,REAL,IDX2015,1988,34.62
New Zealand,REAL,IDX2015,1989,34.96
New Zealand,REAL,IDX2015,1990,34.93
New Zealand,REAL,IDX2015,1991,33.30
New Zealand,REAL,IDX2015,1992,33.01
New Zealand,REAL,IDX2015,1993,34.18
New Zealand,REAL,IDX2015,1994,38.50
New Zealand,REAL,IDX2015,1995,41.18
New Zealand,REAL,IDX2015,1996,44.45
New Zealand,REAL,IDX2015,1997,46.53
New Zealand,REAL,IDX2015,1998,45.04
New Zealand,REAL,IDX2015,1999,45.60
New Zealand,REAL,IDX2015,2000,44.52
New Zealand,REAL,IDX2015,2001,44.40
New Zealand,REAL,IDX2015,2002,48.10
New Zealand,REAL,IDX2015,2003,57.22
New Zealand,REAL,IDX2015,2004,66.56
New Zealand,REAL,IDX2015,2005,74.55
New Zealand,REAL,IDX2015,2006,79.74
New Zealand,REAL,IDX2015,2007,87.02
New Zealand,REAL,IDX2015,2008,80.21
New Zealand,REAL,IDX2015,2009,76.88
New Zealand,REAL,IDX2015,2010,77.41
New Zealand,REAL,IDX2015,2011,75.76
New Zealand,REAL,IDX2015,2012,78.53
New Zealand,REAL,IDX2015,2013,84.96
New Zealand,REAL,IDX2015,2014,89.68
New Zealand,REAL,IDX2015,2015,100.00
New Zealand,REAL,IDX2015,2016,113.40
New Zealand,REAL,IDX2015,2017,118.89
New Zealand,REAL,IDX2015,2018,121.51
New Zealand,REAL,IDX2015,2019,123.35
New Zealand,REAL,IDX2015,2020,133.09
Norway,REAL,IDX2015,1970,31.60
Norway,REAL,IDX2015,1971,30.74
Norway,REAL,IDX2015,1972,30.30
Norway,REAL,IDX2015,1973,30.78
Norway,REAL,IDX2015,1974,32.45
Norway,REAL,IDX2015,1975,32.65
Norway,REAL,IDX2015,1976,32.85
Norway,REAL,IDX2015,1977,33.33
Norway,REAL,IDX2015,1978,32.31
Norway,REAL,IDX2015,1979,31.90
Norway,REAL,IDX2015,1980,32.12
Norway,REAL,IDX2015,1981,31.30
Norway,REAL,IDX2015,1982,30.72
Norway,REAL,IDX2015,1983,30.30
Norway,REAL,IDX2015,1984,32.58
Norway,REAL,IDX2015,1985,37.16
Norway,REAL,IDX2015,1986,45.53
Norway,REAL,IDX2015,1987,45.23
Norway,REAL,IDX2015,1988,44.33
Norway,REAL,IDX2015,1989,39.57
Norway,REAL,IDX2015,1990,35.08
Norway,REAL,IDX2015,1991,31.75
Norway,REAL,IDX2015,1992,29.48
Norway,REAL,IDX2015,1993,29.03
Norway,REAL,IDX2015,1994,32.54
Norway,REAL,IDX2015,1995,34.14
Norway,REAL,IDX2015,1996,36.75
Norway,REAL,IDX2015,1997,40.17
Norway,REAL,IDX2015,1998,43.54
Norway,REAL,IDX2015,1999,47.42
Norway,REAL,IDX2015,2000,53.44
Norway,REAL,IDX2015,2001,55.90
Norway,REAL,IDX2015,2002,57.90
Norway,REAL,IDX2015,2003,57.23
Norway,REAL,IDX2015,2004,62.31
Norway,REAL,IDX2015,2005,66.69
Norway,REAL,IDX2015,2006,74.46
Norway,REAL,IDX2015,2007,82.78
Norway,REAL,IDX2015,2008,79.17
Norway,REAL,IDX2015,2009,78.69
Norway,REAL,IDX2015,2010,83.43
Norway,REAL,IDX2015,2011,89.12
Norway,REAL,IDX2015,2012,94.18
Norway,REAL,IDX2015,2013,96.02
Norway,REAL,IDX2015,2014,96.45
Norway,REAL,IDX2015,2015,100.00
Norway,REAL,IDX2015,2016,103.83
Norway,REAL,IDX2015,2017,106.90
Norway,REAL,IDX2015,2018,106.16
Norway,REAL,IDX2015,2019,106.36
Norway,REAL,IDX2015,2020,108.85
Poland,REAL,IDX2015,2005,68.53
Poland,REAL,IDX2015,2006,92.25
Poland,REAL,IDX2015,2007,134.28
Poland,REAL,IDX2015,2008,128.03
Poland,REAL,IDX2015,2009,121.14
Poland,REAL,IDX2015,2010,113.89
Poland,REAL,IDX2015,2011,108.52
Poland,REAL,IDX2015,2012,101.18
Poland,REAL,IDX2015,2013,96.29
Poland,REAL,IDX2015,2014,97.43
Poland,REAL,IDX2015,2015,100.00
Poland,REAL,IDX2015,2016,102.28
Poland,REAL,IDX2015,2017,104.11
Poland,REAL,IDX2015,2018,109.17
Poland,REAL,IDX2015,2019,115.87
Poland,REAL,IDX2015,2020,123.98
Portugal,REAL,IDX2015,1988,115.76
Portugal,REAL,IDX2015,1989,121.24
Portugal,REAL,IDX2015,1990,125.00
Portugal,REAL,IDX2015,1991,133.45
Portugal,REAL,IDX2015,1992,137.46
Portugal,REAL,IDX2015,1993,130.25
Portugal,REAL,IDX2015,1994,126.11
Portugal,REAL,IDX2015,1995,122.81
Portugal,REAL,IDX2015,1996,121.35
Portugal,REAL,IDX2015,1997,122.04
Portugal,REAL,IDX2015,1998,124.42
Portugal,REAL,IDX2015,1999,132.30
Portugal,REAL,IDX2015,2000,137.42
Portugal,REAL,IDX2015,2001,139.55
Portugal,REAL,IDX2015,2002,135.70
Portugal,REAL,IDX2015,2003,132.42
Portugal,REAL,IDX2015,2004,130.23
Portugal,REAL,IDX2015,2005,128.25
Portugal,REAL,IDX2015,2006,126.49
Portugal,REAL,IDX2015,2007,122.93
Portugal,REAL,IDX2015,2008,112.03
Portugal,REAL,IDX2015,2009,114.48
Portugal,REAL,IDX2015,2010,113.28
Portugal,REAL,IDX2015,2011,105.92
Portugal,REAL,IDX2015,2012,96.67
Portugal,REAL,IDX2015,2013,94.12
Portugal,REAL,IDX2015,2014,97.90
Portugal,REAL,IDX2015,2015,100.00
Portugal,REAL,IDX2015,2016,106.06
Portugal,REAL,IDX2015,2017,114.07
Portugal,REAL,IDX2015,2018,123.86
Portugal,REAL,IDX2015,2019,134.51
Portugal,REAL,IDX2015,2020,144.50
Slovakia,REAL,IDX2015,2005,80.34
Slovakia,REAL,IDX2015,2006,89.46
Slovakia,REAL,IDX2015,2007,112.37
Slovakia,REAL,IDX2015,2008,126.86
Slovakia,REAL,IDX2015,2009,110.63
Slovakia,REAL,IDX2015,2010,105.14
Slovakia,REAL,IDX2015,2011,99.73
Slovakia,REAL,IDX2015,2012,93.76
Slovakia,REAL,IDX2015,2013,93.39
Slovakia,REAL,IDX2015,2014,94.83
Slovakia,REAL,IDX2015,2015,100.00
Slovakia,REAL,IDX2015,2016,106.99
Slovakia,REAL,IDX2015,2017,111.83
Slovakia,REAL,IDX2015,2018,117.31
Slovakia,REAL,IDX2015,2019,124.60
Slovakia,REAL,IDX2015,2020,133.54
Spain,REAL,IDX2015,1971,35.14
Spain,REAL,IDX2015,1972,34.58
Spain,REAL,IDX2015,1973,37.71
Spain,REAL,IDX2015,1974,43.70
Spain,REAL,IDX2015,1975,40.87
Spain,REAL,IDX2015,1976,40.92
Spain,REAL,IDX2015,1977,45.20
Spain,REAL,IDX2015,1978,50.39
Spain,REAL,IDX2015,1979,45.67
Spain,REAL,IDX2015,1980,41.32
Spain,REAL,IDX2015,1981,38.48
Spain,REAL,IDX2015,1982,34.71
Spain,REAL,IDX2015,1983,36.88
Spain,REAL,IDX2015,1984,35.89
Spain,REAL,IDX2015,1985,36.52
Spain,REAL,IDX2015,1986,38.48
Spain,REAL,IDX2015,1987,51.34
Spain,REAL,IDX2015,1988,62.04
Spain,REAL,IDX2015,1989,71.84
Spain,REAL,IDX2015,1990,77.93
Spain,REAL,IDX2015,1991,83.40
Spain,REAL,IDX2015,1992,77.75
Spain,REAL,IDX2015,1993,73.61
Spain,REAL,IDX2015,1994,71.25
Spain,REAL,IDX2015,1995,70.34
Spain,REAL,IDX2015,1996,70.18
Spain,REAL,IDX2015,1997,71.20
Spain,REAL,IDX2015,1998,73.44
Spain,REAL,IDX2015,1999,76.93
Spain,REAL,IDX2015,2000,79.40
Spain,REAL,IDX2015,2001,83.95
Spain,REAL,IDX2015,2002,95.59
Spain,REAL,IDX2015,2003,111.11
Spain,REAL,IDX2015,2004,127.02
Spain,REAL,IDX2015,2005,140.88
Spain,REAL,IDX2015,2006,154.59
Spain,REAL,IDX2015,2007,164.25
Spain,REAL,IDX2015,2008,156.30
Spain,REAL,IDX2015,2009,147.37
Spain,REAL,IDX2015,2010,141.96
Spain,REAL,IDX2015,2011,128.10
Spain,REAL,IDX2015,2012,106.99
Spain,REAL,IDX2015,2013,96.28
Spain,REAL,IDX2015,2014,96.45
Spain,REAL,IDX2015,2015,100.00
Spain,REAL,IDX2015,2016,104.45
Spain,REAL,IDX2015,2017,109.25
Spain,REAL,IDX2015,2018,114.89
Spain,REAL,IDX2015,2019,119.65
Spain,REAL,IDX2015,2020,122.13
Sweden,REAL,IDX2015,1970,46.98
Sweden,REAL,IDX2015,1971,45.94
Sweden,REAL,IDX2015,1972,46.39
Sweden,REAL,IDX2015,1973,46.27
Sweden,REAL,IDX2015,1974,45.73
Sweden,REAL,IDX2015,1975,48.63
Sweden,REAL,IDX2015,1976,50.74
Sweden,REAL,IDX2015,1977,53.09
Sweden,REAL,IDX2015,1978,54.17
Sweden,REAL,IDX2015,1979,55.71
Sweden,REAL,IDX2015,1980,52.33
Sweden,REAL,IDX2015,1981,47.82
Sweden,REAL,IDX2015,1982,43.48
Sweden,REAL,IDX2015,1983,39.34
Sweden,REAL,IDX2015,1984,37.55
Sweden,REAL,IDX2015,1985,36.51
Sweden,REAL,IDX2015,1986,37.12
Sweden,REAL,IDX2015,1987,39.76
Sweden,REAL,IDX2015,1988,44.26
Sweden,REAL,IDX2015,1989,49.27
Sweden,REAL,IDX2015,1990,50.15
Sweden,REAL,IDX2015,1991,48.49
Sweden,REAL,IDX2015,1992,42.94
Sweden,REAL,IDX2015,1993,36.22
Sweden,REAL,IDX2015,1994,36.88
Sweden,REAL,IDX2015,1995,35.89
Sweden,REAL,IDX2015,1996,35.90
Sweden,REAL,IDX2015,1997,37.76
Sweden,REAL,IDX2015,1998,41.16
Sweden,REAL,IDX2015,1999,44.38
Sweden,REAL,IDX2015,2000,48.91
Sweden,REAL,IDX2015,2001,51.72
Sweden,REAL,IDX2015,2002,54.10
Sweden,REAL,IDX2015,2003,56.58
Sweden,REAL,IDX2015,2004,61.56
Sweden,REAL,IDX2015,2005,66.58
Sweden,REAL,IDX2015,2006,74.17
Sweden,REAL,IDX2015,2007,80.81
Sweden,REAL,IDX2015,2008,81.12
Sweden,REAL,IDX2015,2009,80.72
Sweden,REAL,IDX2015,2010,85.98
Sweden,REAL,IDX2015,2011,85.45
Sweden,REAL,IDX2015,2012,83.80
Sweden,REAL,IDX2015,2013,85.85
Sweden,REAL,IDX2015,2014,91.15
Sweden,REAL,IDX2015,2015,100.00
Sweden,REAL,IDX2015,2016,107.55
Sweden,REAL,IDX2015,2017,114.36
Sweden,REAL,IDX2015,2018,111.93
Sweden,REAL,IDX2015,2019,112.03
Sweden,REAL,IDX2015,2020,118.26
Switzerland,REAL,IDX2015,1970,63.86
Switzerland,REAL,IDX2015,1971,68.40
Switzerland,REAL,IDX2015,1972,76.56
Switzerland,REAL,IDX2015,1973,82.92
Switzerland,REAL,IDX2015,1974,75.61
Switzerland,REAL,IDX2015,1975,65.40
Switzerland,REAL,IDX2015,1976,61.29
Switzerland,REAL,IDX2015,1977,60.96
Switzerland,REAL,IDX2015,1978,63.24
Switzerland,REAL,IDX2015,1979,65.64
Switzerland,REAL,IDX2015,1980,69.00
Switzerland,REAL,IDX2015,1981,71.74
Switzerland,REAL,IDX2015,1982,71.18
Switzerland,REAL,IDX2015,1983,71.72
Switzerland,REAL,IDX2015,1984,73.51
Switzerland,REAL,IDX2015,1985,75.12
Switzerland,REAL,IDX2015,1986,78.61
Switzerland,REAL,IDX2015,1987,83.30
Switzerland,REAL,IDX2015,1988,94.09
Switzerland,REAL,IDX2015,1989,102.87
Switzerland,REAL,IDX2015,1990,97.53
Switzerland,REAL,IDX2015,1991,91.04
Switzerland,REAL,IDX2015,1992,83.87
Switzerland,REAL,IDX2015,1993,77.53
Switzerland,REAL,IDX2015,1994,77.58
Switzerland,REAL,IDX2015,1995,73.58
Switzerland,REAL,IDX2015,1996,69.16
Switzerland,REAL,IDX2015,1997,66.27
Switzerland,REAL,IDX2015,1998,65.69
Switzerland,REAL,IDX2015,1999,65.49
Switzerland,REAL,IDX2015,2000,64.86
Switzerland,REAL,IDX2015,2001,65.19
Switzerland,REAL,IDX2015,2002,65.42
Switzerland,REAL,IDX2015,2003,65.60
Switzerland,REAL,IDX2015,2004,67.62
Switzerland,REAL,IDX2015,2005,69.39
Switzerland,REAL,IDX2015,2006,72.63
Switzerland,REAL,IDX2015,2007,75.72
Switzerland,REAL,IDX2015,2008,77.12
Switzerland,REAL,IDX2015,2009,78.01
Switzerland,REAL,IDX2015,2010,79.90
Switzerland,REAL,IDX2015,2011,85.38
Switzerland,REAL,IDX2015,2012,90.36
Switzerland,REAL,IDX2015,2013,93.35
Switzerland,REAL,IDX2015,2014,96.11
Switzerland,REAL,IDX2015,2015,100.00
Switzerland,REAL,IDX2015,2016,101.81
Switzerland,REAL,IDX2015,2017,102.96
Switzerland,REAL,IDX2015,2018,104.78
Switzerland,REAL,IDX2015,2019,108.93
Switzerland,REAL,IDX2015,2020,114.31
Turkey,REAL,IDX2015,2010,83.69
Turkey,REAL,IDX2015,2011,83.22
Turkey,REAL,IDX2015,2012,84.30
Turkey,REAL,IDX2015,2013,88.51
Turkey,REAL,IDX2015,2014,93.21
Turkey,REAL,IDX2015,2015,100.00
Turkey,REAL,IDX2015,2016,106.77
Turkey,REAL,IDX2015,2017,105.90
Turkey,REAL,IDX2015,2018,99.80
Turkey,REAL,IDX2015,2019,91.13
Turkey,REAL,IDX2015,2020,99.08
United Kingdom,REAL,IDX2015,1969,22.54
United Kingdom,REAL,IDX2015,1970,22.48
United Kingdom,REAL,IDX2015,1971,23.13
United Kingdom,REAL,IDX2015,1972,28.89
United Kingdom,REAL,IDX2015,1973,36.47
United Kingdom,REAL,IDX2015,1974,33.36
United Kingdom,REAL,IDX2015,1975,28.57
United Kingdom,REAL,IDX2015,1976,26.55
United Kingdom,REAL,IDX2015,1977,24.68
United Kingdom,REAL,IDX2015,1978,26.06
United Kingdom,REAL,IDX2015,1979,29.68
United Kingdom,REAL,IDX2015,1980,30.71
United Kingdom,REAL,IDX2015,1981,28.89
United Kingdom,REAL,IDX2015,1982,27.11
United Kingdom,REAL,IDX2015,1983,28.68
United Kingdom,REAL,IDX2015,1984,29.87
United Kingdom,REAL,IDX2015,1985,30.98
United Kingdom,REAL,IDX2015,1986,34.03
United Kingdom,REAL,IDX2015,1987,38.43
United Kingdom,REAL,IDX2015,1988,47.18
United Kingdom,REAL,IDX2015,1989,53.42
United Kingdom,REAL,IDX2015,1990,49.81
United Kingdom,REAL,IDX2015,1991,44.92
United Kingdom,REAL,IDX2015,1992,41.67
United Kingdom,REAL,IDX2015,1993,40.10
United Kingdom,REAL,IDX2015,1994,40.54
United Kingdom,REAL,IDX2015,1995,39.60
United Kingdom,REAL,IDX2015,1996,39.68
United Kingdom,REAL,IDX2015,1997,42.38
United Kingdom,REAL,IDX2015,1998,46.57
United Kingdom,REAL,IDX2015,1999,51.42
United Kingdom,REAL,IDX2015,2000,58.69
United Kingdom,REAL,IDX2015,2001,63.26
United Kingdom,REAL,IDX2015,2002,73.14
United Kingdom,REAL,IDX2015,2003,83.48
United Kingdom,REAL,IDX2015,2004,91.85
United Kingdom,REAL,IDX2015,2005,96.00
United Kingdom,REAL,IDX2015,2006,100.86
United Kingdom,REAL,IDX2015,2007,108.33
United Kingdom,REAL,IDX2015,2008,99.87
United Kingdom,REAL,IDX2015,2009,90.50
United Kingdom,REAL,IDX2015,2010,93.94
United Kingdom,REAL,IDX2015,2011,89.23
United Kingdom,REAL,IDX2015,2012,87.94
United Kingdom,REAL,IDX2015,2013,88.58
United Kingdom,REAL,IDX2015,2014,94.29
United Kingdom,REAL,IDX2015,2015,100.00
United Kingdom,REAL,IDX2015,2016,105.53
United Kingdom,REAL,IDX2015,2017,108.10
United Kingdom,REAL,IDX2015,2018,109.05
United Kingdom,REAL,IDX2015,2019,108.58
United Kingdom,REAL,IDX2015,2020,110.13
United States,REAL,IDX2015,1970,55.55
United States,REAL,IDX2015,1971,57.58
United States,REAL,IDX2015,1972,59.68
United States,REAL,IDX2015,1973,63.34
United States,REAL,IDX2015,1974,62.63
United States,REAL,IDX2015,1975,61.44
United States,REAL,IDX2015,1976,61.82
United States,REAL,IDX2015,1977,64.34
United States,REAL,IDX2015,1978,68.19
United States,REAL,IDX2015,1979,70.96
United States,REAL,IDX2015,1980,69.17
United States,REAL,IDX2015,1981,66.90
United States,REAL,IDX2015,1982,65.30
United States,REAL,IDX2015,1983,64.97
United States,REAL,IDX2015,1984,65.52
United States,REAL,IDX2015,1985,67.08
United States,REAL,IDX2015,1986,70.74
United States,REAL,IDX2015,1987,74.02
United States,REAL,IDX2015,1988,75.77
United States,REAL,IDX2015,1989,76.74
United States,REAL,IDX2015,1990,75.43
United States,REAL,IDX2015,1991,73.65
United States,REAL,IDX2015,1992,73.52
United States,REAL,IDX2015,1993,73.45
United States,REAL,IDX2015,1994,74.35
United States,REAL,IDX2015,1995,74.69
United States,REAL,IDX2015,1996,75.25
United States,REAL,IDX2015,1997,76.05
United States,REAL,IDX2015,1998,79.08
United States,REAL,IDX2015,1999,82.70
United States,REAL,IDX2015,2000,86.06
United States,REAL,IDX2015,2001,90.19
United States,REAL,IDX2015,2002,95.28
United States,REAL,IDX2015,2003,100.47
United States,REAL,IDX2015,2004,107.30
United States,REAL,IDX2015,2005,115.22
United States,REAL,IDX2015,2006,118.63
United States,REAL,IDX2015,2007,115.63
United States,REAL,IDX2015,2008,103.14
United States,REAL,IDX2015,2009,97.26
United States,REAL,IDX2015,2010,92.72
United States,REAL,IDX2015,2011,86.59
United States,REAL,IDX2015,2012,87.34
United States,REAL,IDX2015,2013,92.17
United States,REAL,IDX2015,2014,95.27
United States,REAL,IDX2015,2015,100.00
United States,REAL,IDX2015,2016,104.62
United States,REAL,IDX2015,2017,109.13
United States,REAL,IDX2015,2018,113.54
United States,REAL,IDX2015,2019,117.63
United States,REAL,IDX2015,2020,125.38
Brazil,REAL,IDX2015,2008,157.54
Brazil,REAL,IDX2015,2009,149.22
Brazil,REAL,IDX2015,2010,141.06
Brazil,REAL,IDX2015,2011,132.41
Brazil,REAL,IDX2015,2012,123.40
Brazil,REAL,IDX2015,2013,115.71
Brazil,REAL,IDX2015,2014,107.98
Brazil,REAL,IDX2015,2015,100.00
Brazil,REAL,IDX2015,2016,92.36
Brazil,REAL,IDX2015,2017,90.07
Brazil,REAL,IDX2015,2018,87.30
Brazil,REAL,IDX2015,2019,84.92
Brazil,REAL,IDX2015,2020,83.14
Chile,REAL,IDX2015,2002,55.94
Chile,REAL,IDX2015,2003,57.58
Chile,REAL,IDX2015,2004,60.42
Chile,REAL,IDX2015,2005,61.68
Chile,REAL,IDX2015,2006,63.42
Chile,REAL,IDX2015,2007,66.56
Chile,REAL,IDX2015,2008,67.71
Chile,REAL,IDX2015,2009,68.28
Chile,REAL,IDX2015,2010,71.22
Chile,REAL,IDX2015,2011,76.50
Chile,REAL,IDX2015,2012,81.27
Chile,REAL,IDX2015,2013,86.37
Chile,REAL,IDX2015,2014,92.02
Chile,REAL,IDX2015,2015,100.00
Chile,REAL,IDX2015,2016,103.26
Chile,REAL,IDX2015,2017,109.26
Chile,REAL,IDX2015,2018,116.41
Chile,REAL,IDX2015,2019,124.13
Chile,REAL,IDX2015,2020,129.28
China,REAL,IDX2015,2010,96.86
China,REAL,IDX2015,2011,99.01
China,REAL,IDX2015,2012,95.68
China,REAL,IDX2015,2013,99.98
China,REAL,IDX2015,2014,102.70
China,REAL,IDX2015,2015,100.00
China,REAL,IDX2015,2016,109.88
China,REAL,IDX2015,2017,122.49
China,REAL,IDX2015,2018,127.07
China,REAL,IDX2015,2019,128.32
China,REAL,IDX2015,2020,129.75
Colombia,REAL,IDX2015,1988,68.95
Colombia,REAL,IDX2015,1989,73.08
Colombia,REAL,IDX2015,1990,71.77
Colombia,REAL,IDX2015,1991,66.42
Colombia,REAL,IDX2015,1992,62.54
Colombia,REAL,IDX2015,1993,63.26
Colombia,REAL,IDX2015,1994,71.29
Colombia,REAL,IDX2015,1995,77.96
Colombia,REAL,IDX2015,1996,78.93
Colombia,REAL,IDX2015,1997,74.42
Colombia,REAL,IDX2015,1998,70.55
Colombia,REAL,IDX2015,1999,62.16
Colombia,REAL,IDX2015,2000,57.16
Colombia,REAL,IDX2015,2001,55.42
Colombia,REAL,IDX2015,2002,52.50
Colombia,REAL,IDX2015,2003,50.67
Colombia,REAL,IDX2015,2004,52.42
Colombia,REAL,IDX2015,2005,54.49
Colombia,REAL,IDX2015,2006,58.50
Colombia,REAL,IDX2015,2007,65.19
Colombia,REAL,IDX2015,2008,72.11
Colombia,REAL,IDX2015,2009,75.66
Colombia,REAL,IDX2015,2010,79.63
Colombia,REAL,IDX2015,2011,81.46
Colombia,REAL,IDX2015,2012,86.74
Colombia,REAL,IDX2015,2013,92.91
Colombia,REAL,IDX2015,2014,97.41
Colombia,REAL,IDX2015,2015,100.00
Colombia,REAL,IDX2015,2016,104.29
Colombia,REAL,IDX2015,2017,107.64
Colombia,REAL,IDX2015,2018,109.89
Colombia,REAL,IDX2015,2019,112.03
Colombia,REAL,IDX2015,2020,112.87
Estonia,REAL,IDX2015,2005,84.15
Estonia,REAL,IDX2015,2006,119.29
Estonia,REAL,IDX2015,2007,133.72
Estonia,REAL,IDX2015,2008,112.08
Estonia,REAL,IDX2015,2009,71.06
Estonia,REAL,IDX2015,2010,72.03
Estonia,REAL,IDX2015,2011,74.43
Estonia,REAL,IDX2015,2012,76.83
Estonia,REAL,IDX2015,2013,82.48
Estonia,REAL,IDX2015,2014,93.21
Estonia,REAL,IDX2015,2015,100.00
Estonia,REAL,IDX2015,2016,103.40
Estonia,REAL,IDX2015,2017,104.65
Estonia,REAL,IDX2015,2018,107.05
Estonia,REAL,IDX2015,2019,111.60
Estonia,REAL,IDX2015,2020,119.12
India,REAL,IDX2015,2009,57.56
India,REAL,IDX2015,2010,62.88
India,REAL,IDX2015,2011,69.35
India,REAL,IDX2015,2012,79.38
India,REAL,IDX2015,2013,84.41
India,REAL,IDX2015,2014,91.28
India,REAL,IDX2015,2015,100.00
India,REAL,IDX2015,2016,102.55
India,REAL,IDX2015,2017,107.50
India,REAL,IDX2015,2018,109.10
India,REAL,IDX2015,2019,108.84
India,REAL,IDX2015,2020,107.88
Indonesia,REAL,IDX2015,2002,156.25
Indonesia,REAL,IDX2015,2003,154.23
Indonesia,REAL,IDX2015,2004,150.65
Indonesia,REAL,IDX2015,2005,140.24
Indonesia,REAL,IDX2015,2006,129.76
Indonesia,REAL,IDX2015,2007,116.16
Indonesia,REAL,IDX2015,2008,104.79
Indonesia,REAL,IDX2015,2009,100.66
Indonesia,REAL,IDX2015,2010,96.17
Indonesia,REAL,IDX2015,2011,93.94
Indonesia,REAL,IDX2015,2012,92.50
Indonesia,REAL,IDX2015,2013,97.90
Indonesia,REAL,IDX2015,2014,99.09
Indonesia,REAL,IDX2015,2015,100.00
Indonesia,REAL,IDX2015,2016,100.06
Indonesia,REAL,IDX2015,2017,99.84
Indonesia,REAL,IDX2015,2018,99.79
Indonesia,REAL,IDX2015,2019,98.52
Indonesia,REAL,IDX2015,2020,98.11
Israel,REAL,IDX2015,1994,65.62
Israel,REAL,IDX2015,1995,68.58
Israel,REAL,IDX2015,1996,74.13
Israel,REAL,IDX2015,1997,76.19
Israel,REAL,IDX2015,1998,74.88
Israel,REAL,IDX2015,1999,73.92
Israel,REAL,IDX2015,2000,69.15
Israel,REAL,IDX2015,2001,66.32
Israel,REAL,IDX2015,2002,66.92
Israel,REAL,IDX2015,2003,62.87
Israel,REAL,IDX2015,2004,62.09
Israel,REAL,IDX2015,2005,61.24
Israel,REAL,IDX2015,2006,60.11
Israel,REAL,IDX2015,2007,58.41
Israel,REAL,IDX2015,2008,59.57
Israel,REAL,IDX2015,2009,66.47
Israel,REAL,IDX2015,2010,75.99
Israel,REAL,IDX2015,2011,81.47
Israel,REAL,IDX2015,2012,82.64
Israel,REAL,IDX2015,2013,88.79
Israel,REAL,IDX2015,2014,94.04
Israel,REAL,IDX2015,2015,100.00
Israel,REAL,IDX2015,2016,108.13
Israel,REAL,IDX2015,2017,112.01
Israel,REAL,IDX2015,2018,109.71
Israel,REAL,IDX2015,2019,110.88
Israel,REAL,IDX2015,2020,114.50
Latvia,REAL,IDX2015,2006,137.32
Latvia,REAL,IDX2015,2007,167.51
Latvia,REAL,IDX2015,2008,149.50
Latvia,REAL,IDX2015,2009,97.14
Latvia,REAL,IDX2015,2010,88.75
Latvia,REAL,IDX2015,2011,92.36
Latvia,REAL,IDX2015,2012,92.12
Latvia,REAL,IDX2015,2013,98.36
Latvia,REAL,IDX2015,2014,102.91
Latvia,REAL,IDX2015,2015,100.00
Latvia,REAL,IDX2015,2016,107.23
Latvia,REAL,IDX2015,2017,113.23
Latvia,REAL,IDX2015,2018,120.49
Latvia,REAL,IDX2015,2019,127.51
Latvia,REAL,IDX2015,2020,130.91
Lithuania,REAL,IDX2015,2006,125.89
Lithuania,REAL,IDX2015,2007,150.37
Lithuania,REAL,IDX2015,2008,147.80
Lithuania,REAL,IDX2015,2009,99.16
Lithuania,REAL,IDX2015,2010,90.49
Lithuania,REAL,IDX2015,2011,92.45
Lithuania,REAL,IDX2015,2012,89.44
Lithuania,REAL,IDX2015,2013,89.75
Lithuania,REAL,IDX2015,2014,95.52
Lithuania,REAL,IDX2015,2015,100.00
Lithuania,REAL,IDX2015,2016,104.41
Lithuania,REAL,IDX2015,2017,109.86
Lithuania,REAL,IDX2015,2018,114.85
Lithuania,REAL,IDX2015,2019,120.16
Lithuania,REAL,IDX2015,2020,127.84
Russia,REAL,IDX2015,2001,72.48
Russia,REAL,IDX2015,2002,78.70
Russia,REAL,IDX2015,2003,87.31
Russia,REAL,IDX2015,2004,98.08
Russia,REAL,IDX2015,2005,105.35
Russia,REAL,IDX2015,2006,128.17
Russia,REAL,IDX2015,2007,165.45
Russia,REAL,IDX2015,2008,172.89
Russia,REAL,IDX2015,2009,148.82
Russia,REAL,IDX2015,2010,137.38
Russia,REAL,IDX2015,2011,112.56
Russia,REAL,IDX2015,2012,114.71
Russia,REAL,IDX2015,2013,115.75
Russia,REAL,IDX2015,2014,110.39
Russia,REAL,IDX2015,2015,100.00
Russia,REAL,IDX2015,2016,95.90
Russia,REAL,IDX2015,2017,98.43
Russia,REAL,IDX2015,2018,101.60
Russia,REAL,IDX2015,2019,100.92
Russia,REAL,IDX2015,2020,118.99
Slovenia,REAL,IDX2015,2007,136.63
Slovenia,REAL,IDX2015,2008,138.47
Slovenia,REAL,IDX2015,2009,124.29
Slovenia,REAL,IDX2015,2010,122.67
Slovenia,REAL,IDX2015,2011,123.80
Slovenia,REAL,IDX2015,2012,113.32
Slovenia,REAL,IDX2015,2013,105.14
Slovenia,REAL,IDX2015,2014,98.61
Slovenia,REAL,IDX2015,2015,100.00
Slovenia,REAL,IDX2015,2016,103.63
Slovenia,REAL,IDX2015,2017,110.48
Slovenia,REAL,IDX2015,2018,117.81
Slovenia,REAL,IDX2015,2019,124.05
Slovenia,REAL,IDX2015,2020,130.50
South Africa,REAL,IDX2015,1966,64.94
South Africa,REAL,IDX2015,1967,74.62
South Africa,REAL,IDX2015,1968,77.52
South Africa,REAL,IDX2015,1969,82.04
South Africa,REAL,IDX2015,1970,89.85
South Africa,REAL,IDX2015,1971,89.69
South Africa,REAL,IDX2015,1972,87.72
South Africa,REAL,IDX2015,1973,91.62
South Africa,REAL,IDX2015,1974,90.86
South Africa,REAL,IDX2015,1975,83.77
South Africa,REAL,IDX2015,1976,80.24
South Africa,REAL,IDX2015,1977,72.57
South Africa,REAL,IDX2015,1978,69.53
South Africa,REAL,IDX2015,1979,69.28
South Africa,REAL,IDX2015,1980,73.15
South Africa,REAL,IDX2015,1981,87.25
South Africa,REAL,IDX2015,1982,91.25
South Africa,REAL,IDX2015,1983,97.18
South Africa,REAL,IDX2015,1984,95.08
South Africa,REAL,IDX2015,1985,75.12
South Africa,REAL,IDX2015,1986,60.45
South Africa,REAL,IDX2015,1987,57.62
South Africa,REAL,IDX2015,1988,57.67
South Africa,REAL,IDX2015,1989,56.92
South Africa,REAL,IDX2015,1990,55.67
South Africa,REAL,IDX2015,1991,54.22
South Africa,REAL,IDX2015,1992,49.21
South Africa,REAL,IDX2015,1993,46.95
South Africa,REAL,IDX2015,1994,47.11
South Africa,REAL,IDX2015,1995,46.89
South Africa,REAL,IDX2015,1996,45.31
South Africa,REAL,IDX2015,1997,45.34
South Africa,REAL,IDX2015,1998,48.34
South Africa,REAL,IDX2015,1999,47.20
South Africa,REAL,IDX2015,2000,51.03
South Africa,REAL,IDX2015,2001,54.26
South Africa,REAL,IDX2015,2002,56.44
South Africa,REAL,IDX2015,2003,63.87
South Africa,REAL,IDX2015,2004,79.73
South Africa,REAL,IDX2015,2005,97.88
South Africa,REAL,IDX2015,2006,111.01
South Africa,REAL,IDX2015,2007,118.74
South Africa,REAL,IDX2015,2008,108.65
South Africa,REAL,IDX2015,2009,99.12
South Africa,REAL,IDX2015,2010,98.86
South Africa,REAL,IDX2015,2011,96.62
South Africa,REAL,IDX2015,2012,95.62
South Africa,REAL,IDX2015,2013,96.03
South Africa,REAL,IDX2015,2014,97.94
South Africa,REAL,IDX2015,2015,100.00
South Africa,REAL,IDX2015,2016,99.49
South Africa,REAL,IDX2015,2017,99.20
South Africa,REAL,IDX2015,2018,98.93
South Africa,REAL,IDX2015,2019,98.83
South Africa,REAL,IDX2015,2020,98.19
NA,REAL,IDX2015,1970,52.71
NA,REAL,IDX2015,1971,54.30
NA,REAL,IDX2015,1972,57.30
NA,REAL,IDX2015,1973,62.02
NA,REAL,IDX2015,1974,63.29
NA,REAL,IDX2015,1975,60.32
NA,REAL,IDX2015,1976,60.24
NA,REAL,IDX2015,1977,61.54
NA,REAL,IDX2015,1978,64.07
NA,REAL,IDX2015,1979,66.53
NA,REAL,IDX2015,1980,66.53
NA,REAL,IDX2015,1981,66.44
NA,REAL,IDX2015,1982,64.29
NA,REAL,IDX2015,1983,63.75
NA,REAL,IDX2015,1984,63.04
NA,REAL,IDX2015,1985,63.36
NA,REAL,IDX2015,1986,66.03
NA,REAL,IDX2015,1987,69.84
NA,REAL,IDX2015,1988,74.04
NA,REAL,IDX2015,1989,78.28
NA,REAL,IDX2015,1990,79.93
NA,REAL,IDX2015,1991,79.18
NA,REAL,IDX2015,1992,77.38
NA,REAL,IDX2015,1993,75.79
NA,REAL,IDX2015,1994,75.76
NA,REAL,IDX2015,1995,75.01
NA,REAL,IDX2015,1996,74.46
NA,REAL,IDX2015,1997,74.54
NA,REAL,IDX2015,1998,76.06
NA,REAL,IDX2015,1999,78.57
NA,REAL,IDX2015,2000,81.14
NA,REAL,IDX2015,2001,83.65
NA,REAL,IDX2015,2002,87.65
NA,REAL,IDX2015,2003,91.63
NA,REAL,IDX2015,2004,95.77
NA,REAL,IDX2015,2005,100.32
NA,REAL,IDX2015,2006,104.10
NA,REAL,IDX2015,2007,105.96
NA,REAL,IDX2015,2008,101.08
NA,REAL,IDX2015,2009,97.06
NA,REAL,IDX2015,2010,96.27
NA,REAL,IDX2015,2011,93.71
NA,REAL,IDX2015,2012,92.87
NA,REAL,IDX2015,2013,94.38
NA,REAL,IDX2015,2014,96.36
NA,REAL,IDX2015,2015,100.00
NA,REAL,IDX2015,2016,104.19
NA,REAL,IDX2015,2017,107.78
NA,REAL,IDX2015,2018,110.58
NA,REAL,IDX2015,2019,112.98
NA,REAL,IDX2015,2020,118.31
Bulgaria,REAL,IDX2015,2005,103.53
Bulgaria,REAL,IDX2015,2006,116.19
Bulgaria,REAL,IDX2015,2007,137.50
Bulgaria,REAL,IDX2015,2008,161.74
Bulgaria,REAL,IDX2015,2009,127.65
Bulgaria,REAL,IDX2015,2010,112.06
Bulgaria,REAL,IDX2015,2011,102.41
Bulgaria,REAL,IDX2015,2012,97.00
Bulgaria,REAL,IDX2015,2013,97.39
Bulgaria,REAL,IDX2015,2014,98.82
Bulgaria,REAL,IDX2015,2015,100.00
Bulgaria,REAL,IDX2015,2016,106.56
Bulgaria,REAL,IDX2015,2017,112.25
Bulgaria,REAL,IDX2015,2018,117.23
Bulgaria,REAL,IDX2015,2019,121.85
Bulgaria,REAL,IDX2015,2020,127.10
Romania,REAL,IDX2015,2009,156.29
Romania,REAL,IDX2015,2010,136.10
Romania,REAL,IDX2015,2011,114.91
Romania,REAL,IDX2015,2012,104.66
Romania,REAL,IDX2015,2013,101.79
Romania,REAL,IDX2015,2014,98.39
Romania,REAL,IDX2015,2015,100.00
Romania,REAL,IDX2015,2016,105.19
Romania,REAL,IDX2015,2017,108.62
Romania,REAL,IDX2015,2018,110.50
Romania,REAL,IDX2015,2019,108.75
Romania,REAL,IDX2015,2020,111.19
